variant,tokens_m,checkpoint,B_geometry_retention,C_geometry_retention,B_accuracy_final_minus_peak,B_accuracy_final,B_margin_final_minus_peak,C_margin_final_minus_peak
V1,100,V1@100M,0.5172283466362526,0.6499963528345214,0.0,1.0,-0.05561981557144058,-0.06270408100552038
V1,110,V1@110M,0.49368113778397416,0.646167126367898,0.0,1.0,-0.06450690171784834,-0.060291504859924294
V1,120,V1@120M,0.4088525262138616,0.6225290059122911,0.0,1.0,-0.07072688746783473,-0.07459157970216534
V1,25,V1@25M,0.7662078847783524,0.7675091529112235,0.0,1.0,-0.01689801009164915,-0.0325256612565783
V1,50,V1@50M,0.5759992549364606,0.8028727835082712,0.0,1.0,-0.0480221596029069,-0.026242260138193862
V1,75,V1@75M,0.48712177974344345,0.8415479203193441,0.0,1.0,-0.062311131424374167,-0.02282741732067539
V5,100,V5@100M,0.5438708013852273,0.7419553472567393,0.0,1.0,-0.04679925938447316,-0.0479915996392567
V5,110,V5@110M,0.5369578318351773,0.7479639760151423,0.0,1.0,-0.05052928328514095,-0.047382761372460114
V5,120,V5@120M,0.5355847152505911,0.7157200325136116,0.0,1.0,-0.04522651351160467,-0.05162678228484263
V5,25,V5@25M,0.680722501812119,0.6889008550211428,0.0,1.0,-0.024542460176679715,-0.046691762738757636
V5,50,V5@50M,0.6703901139418244,0.6629318767943558,0.0,1.0,-0.03285926679770157,-0.051879723866780636
V5,75,V5@75M,0.5818327942683852,0.7126401390052348,0.0,1.0,-0.04541898493965468,-0.05566924081908331
V4,100,V4@100M,0.738949082479881,0.5474258728322009,0.0,1.0,-0.026090094198783276,-0.07717418538199539
V4,110,V4@110M,0.6900797561920641,0.6250889902639464,0.0,1.0,-0.03226139247417448,-0.07245669497383966
V4,120,V4@120M,0.54363413477471,0.6926986718888759,0.0,1.0,-0.04563874080777175,-0.06369781759050153
V4,25,V4@25M,0.800552377120596,0.6075756678715623,0.0,1.0,-0.016875802477200774,-0.062167216009563764
V4,50,V4@50M,0.6588752925821834,0.7610610049624891,0.0,1.0,-0.03457435593008995,-0.040838117731942014
V4,75,V4@75M,0.5759778906949258,0.7279103828567417,0.0,1.0,-0.04573346252242727,-0.053072314129935294
V6,100,V6@100M,0.6542378149081234,0.45675141781140094,0.0,1.0,-0.035991511080000094,-0.08941438926590817
V6,110,V6@110M,0.595978035624956,0.5841880656370265,0.0,1.0,-0.049497670266363314,-0.07751698825094433
V6,120,V6@120M,0.6068191599115589,0.5761769117888198,0.0,1.0,-0.03935062214732177,-0.08925955626699655
V6,25,V6@25M,0.7053958139469305,0.8349291749655355,0.0,1.0,-0.021572691284947876,-0.023062364922629475
V6,50,V6@50M,0.6765437385365921,0.6843524639689753,0.0,1.0,-0.03194704999526343,-0.04869882795545788
V6,75,V6@75M,0.5847057804453827,0.6892196534843126,0.0,1.0,-0.043424536122216084,-0.052853175666597196
V7,100,V7@100M,0.5743489778058622,0.6278146564709065,0.0,1.0,-0.04633314468794403,-0.06590751806894934
V7,110,V7@110M,0.6109688493204699,0.7259148892413653,0.0,1.0,-0.04302396641837225,-0.049591830041673446
V7,120,V7@120M,0.5535427903277057,0.6744557446418267,0.0,1.0,-0.04699748150176464,-0.06414564914173548
V7,25,V7@25M,0.7181468749261065,0.7765414977053285,0.0,1.0,-0.02122651131616704,-0.033847229348288654
V7,50,V7@50M,0.6599852929643653,0.7290803890301546,0.0,1.0,-0.032992529041237284,-0.04659872253735864
V7,75,V7@75M,0.5709788162157929,0.732585066358438,0.0,1.0,-0.04738861024379748,-0.04963236451148989
V2,100,V2@100M,0.575989149611834,0.43097500173740977,0.0,1.0,-0.04695304781198506,-0.11196562316682601
V2,110,V2@110M,0.590875376464173,0.4709715026119984,0.0,1.0,-0.04827461408244238,-0.10194185111257759
V2,120,V2@120M,0.5100536695406388,0.5813611618863302,0.0,1.0,-0.05397072939409153,-0.08651307755046422
V2,25,V2@25M,0.588115779838927,0.6982847036552292,0.0,1.0,-0.03435743095146282,-0.04768578807512913
V2,50,V2@50M,0.551394662854145,0.6693455221606546,0.0,1.0,-0.050966719786326053,-0.0512494166692099
V2,75,V2@75M,0.5820679478629726,0.6862440943701397,0.0,1.0,-0.047958947966496246,-0.05599414706230155
V3,100,V3@100M,0.5508238115253173,0.526059677812649,0.0,1.0,-0.050787538124455356,-0.09619135393036726
V3,110,V3@110M,0.5126124961513586,0.7106348651752815,0.0,1.0,-0.056031573149893044,-0.048962871233622196
V3,120,V3@120M,0.506631172061524,0.587955993295044,0.0,1.0,-0.05153761572308002,-0.08163060016102264
V3,25,V3@25M,0.6446110735768523,0.6899856979323287,0.0,1.0,-0.030100022008021643,-0.04605138235621986
V3,50,V3@50M,0.5779669648094949,0.6896855334222819,0.0,1.0,-0.04375346791413093,-0.048918739954630475
V3,75,V3@75M,0.5059341055878582,0.6626707638530311,0.0,1.0,-0.05637922849920063,-0.05390955011049903
