variant,tokens_m,B_learned_vs_mean_alt,C_learned_vs_mean_alt
V2,25,0.0028861651167509427,0.0041387993664968
V2,50,1.338043264927144e-05,0.0009125455977424428
V2,75,-0.001615623769069443,0.0024091207318835683
V2,100,-0.0014924739857041286,-0.0017314936433519142
V2,110,-0.0006991178033843633,-0.003975983555354728
V2,120,-0.0021188555255768427,-2.4970703654828574e-05
V3,25,-0.0007278040169722713,-0.0015247805251015286
V3,50,-0.0014883714595010714,-0.0015161543138443143
V3,75,-0.0036639688566090143,-0.0019060576718950713
V3,100,-0.0022604447390351568,-0.003410093036908929
V3,110,-0.003416352115926257,-0.008679770098792129
V3,120,-0.0031665184608999715,-0.006133931733313029
V4,25,0.005134697453606657,0.001504127988739557
V4,50,0.004413260010972757,0.007710174861408371
V4,75,0.003398839597191015,0.009894178027198358
V4,100,0.004394372877857014,0.0091550380937636
V4,110,0.005111038235444815,0.008477810876710042
V4,120,0.003912900488764486,0.007002835850866957
V5,25,0.0009482515946266143,-0.009701631324631785
V5,50,0.00040174264401671156,-0.013269143823593343
V5,75,0.0008627926723824092,-0.01449465467816303
V5,100,0.0007132371621472407,-0.021635468564336242
V5,110,0.00012739682126611422,-0.017173882041658643
V5,120,0.002458185270901671,-0.018078597244762167
V6,25,0.002645448873203857,0.009384261521082014
V6,50,0.003362438567573986,0.014788170939400071
V6,75,0.003340927103445614,0.014274156613955357
V6,100,0.003236557241706614,0.010138846342525742
V6,110,0.0035497153207422714,0.011508404830145428
V6,120,0.0026830891945532425,0.008830878327763258
V7,25,0.0005083120827164286,0.0021331244990939052
V7,50,0.0009443356995544715,0.004233272018886715
V7,75,0.0015142150637175859,0.002412297470229028
V7,100,0.002661114665014385,-0.0018625613242860572
V7,110,0.003284757714422843,-0.0018310521803204716
V7,120,0.002338099432369986,-0.0017967406246396857
