index,group,sqerr_mag,sqerr_full
0,V5@100M|layer_1,0.0005230325224174079,0.0006193784215949794
1,V5@100M|layer_1,0.0020140988302827104,0.002207879436284561
2,V5@100M|layer_1,0.0004843876360119227,0.000488443730747635
3,V5@100M|layer_2,0.0003523275100885163,0.0003068042121362278
4,V5@100M|layer_2,0.0013429270116830448,0.001035691544295687
5,V5@100M|layer_2,0.0003195363380480208,0.00021510136534458774
6,V5@100M|layer_3,0.0003151006952755332,0.00024615971259429496
7,V5@100M|layer_3,0.0011676984719928367,0.000769596977768134
8,V5@100M|layer_3,0.00026963372035336536,0.00014525391412138346
9,V5@100M|layer_4,0.0002664631693147017,0.00017245264390153351
10,V5@100M|layer_4,0.0009204895390906302,0.0004351583022466512
11,V5@100M|layer_4,0.00019644463694479478,5.972701779059005e-05
12,V5@100M|layer_5,0.0010266547159576667,0.0008564824838893782
13,V5@100M|layer_5,0.004473953970624486,0.004207920150769444
14,V5@100M|layer_5,0.0012142554846543442,0.001267556626330744
15,V5@100M|layer_6,0.0008070442662279242,0.0012222741465846422
16,V5@100M|layer_6,0.0030261054406363432,0.00427860986241383
17,V5@100M|layer_6,0.000707641079541869,0.0009272053066187375
18,V5@100M|final,0.0006428234543066849,0.0008634405867863142
19,V5@100M|final,0.0024171483999555162,0.002996816025196677
20,V5@100M|final,0.0005669418231303816,0.0006430698985412948
21,V5@110M|layer_1,0.0004950570679530845,0.0005642843722242179
22,V5@110M|layer_1,0.002179565214009467,0.002525333489962203
23,V5@110M|layer_1,0.0005971149637948744,0.000702145371840102
24,V5@110M|layer_2,0.00036427718550337436,0.00032609314967796074
25,V5@110M|layer_2,0.0016672065730790834,0.0015760338679633454
26,V5@110M|layer_2,0.00047286216487348585,0.0004683434244818565
27,V5@110M|layer_3,0.009302437622860496,0.010241215746604975
28,V5@110M|layer_3,0.03799292157736049,0.04301515294031467
29,V5@110M|layer_3,0.009696062234260247,0.011278876544821818
30,V5@110M|layer_4,0.0017534623442402233,0.0022467317778517627
31,V5@110M|layer_4,0.0075033235564279845,0.010268362602593745
32,V5@110M|layer_4,0.00200232649617853,0.0029087929973424078
33,V5@110M|layer_5,0.008280999600708985,0.008250072729845624
34,V5@110M|layer_5,0.03394734145664294,0.034982533469987746
35,V5@110M|layer_5,0.008695197986796101,0.00925564663005094
36,V5@110M|layer_6,0.0008627343510513606,0.001350654785884513
37,V5@110M|layer_6,0.003447611743586424,0.005219446416712965
38,V5@110M|layer_6,0.0008610719215514627,0.0012598581639405347
39,V5@110M|final,0.0007151050109395068,0.0010184386722626706
40,V5@110M|final,0.002864204150974076,0.003928326165611716
41,V5@110M|final,0.0007169976898929038,0.0009463852137285471
42,V5@120M|layer_1,0.0005379023418847018,0.000648713797725724
43,V5@120M|layer_1,0.0020747083816055026,0.0023230457370021686
44,V5@120M|layer_1,0.0004998016954960316,0.0005165676299341089
45,V5@120M|layer_2,0.0003549779935582764,0.0003111758789671883
46,V5@120M|layer_2,0.0013774807784770618,0.0010905185122770924
47,V5@120M|layer_2,0.00033392330532899795,0.0002366312056825446
48,V5@120M|layer_3,0.00975212583506351,0.011166281500037834
49,V5@120M|layer_3,0.039105991489779904,0.04536628577090828
50,V5@120M|layer_3,0.009800900326534082,0.011518226554720047
51,V5@120M|layer_4,0.02399467684620561,0.02648069482632076
52,V5@120M|layer_4,0.09622404285880626,0.107178934857566
53,V5@120M|layer_4,0.024117422872294864,0.02711062376129133
54,V5@120M|layer_5,0.0014327235930936889,0.0015894046483224112
55,V5@120M|layer_5,0.005824892748800613,0.006739595039987275
56,V5@120M|layer_5,0.0014799139374961547,0.0017831785222934642
57,V5@120M|layer_6,0.0007906108189155569,0.0011857046871388143
58,V5@120M|layer_6,0.0031101102947488613,0.00446278608520497
59,V5@120M|layer_6,0.0007645534860978657,0.0010478184828080807
60,V5@120M|final,0.0006665111797325859,0.0009135875037304518
61,V5@120M|final,0.0026276019290347357,0.0034285264713971005
62,V5@120M|final,0.0006473595791854236,0.000802476174178169
63,V5@25M|layer_1,4.164021434735168e-05,2.2613331547827846e-05
64,V5@25M|layer_1,0.00025764446746046147,2.5298225683218886e-05
65,V5@25M|layer_1,9.212898335408602e-05,7.528793895404372e-08
66,V5@25M|layer_2,1.840945746163876e-05,7.613252335429134e-05
67,V5@25M|layer_2,0.00018037858058357349,9.71697251341756e-05
68,V5@25M|layer_2,8.353749694029452e-05,1.281594285459184e-06
69,V5@25M|layer_3,1.4760195849781228e-05,9.158587720163839e-05
70,V5@25M|layer_3,0.00014109715539886304,0.00016198112411287377
71,V5@25M|layer_3,6.45858519175993e-05,9.96746648749318e-06
72,V5@25M|layer_4,1.9241492442804078e-05,7.332894409566962e-05
73,V5@25M|layer_4,0.00015987896721685583,0.00012786083874633797
74,V5@25M|layer_4,6.81914744580194e-05,7.5313175330451115e-06
75,V5@25M|layer_5,2.8534475020431398e-05,4.625862707963403e-05
76,V5@25M|layer_5,0.00019710416068057074,7.620933834127423e-05
77,V5@25M|layer_5,7.564845269740892e-05,3.7188287955894005e-06
78,V5@25M|layer_6,3.805459457844061e-05,2.8050635254966978e-05
79,V5@25M|layer_6,0.00019681309982380317,7.649167680684185e-05
80,V5@25M|layer_6,6.178225051372955e-05,1.1900202281222847e-05
81,V5@25M|final,2.8604750062944683e-05,4.6477275163111096e-05
82,V5@25M|final,0.00014950999189962557,0.0001457967400127432
83,V5@25M|final,4.732183771770411e-05,2.763823287496042e-05
84,V5@50M|layer_1,0.00021286947958243363,0.00010016790301676777
85,V5@50M|layer_1,0.0008124159422811938,0.00030830757029229734
86,V5@50M|layer_1,0.00019356778026193575,5.7006995061731705e-05
87,V5@50M|layer_2,0.00013921819499552646,2.472528432606199e-05
88,V5@50M|layer_2,0.000507290732726667,4.577962073119887e-05
89,V5@50M|layer_2,0.00011500502313384684,3.2170416963791746e-06
90,V5@50M|layer_3,0.0001939083553291988,7.760426030590844e-05
91,V5@50M|layer_3,0.0007745816834581073,0.00026732386832435245
92,V5@50M|layer_3,0.0001933826647868164,5.686236486493276e-05
93,V5@50M|layer_4,0.0001900911813973099,7.330003768731386e-05
94,V5@50M|layer_4,0.0007555341331601403,0.00024743513775631753
95,V5@50M|layer_4,0.00018767973350719157,5.138777952004907e-05
96,V5@50M|layer_5,0.00033897876197307923,0.00028456923776994916
97,V5@50M|layer_5,0.0013180381167598458,0.0009966580392349522
98,V5@50M|layer_5,0.00032017443618020345,0.00021611091051270892
99,V5@50M|layer_6,0.0003093985916431315,0.00023695582330598514
100,V5@50M|layer_6,0.0012189142540695963,0.000845190898726139
101,V5@50M|layer_6,0.0003000940483596317,0.00018710950435147844
102,V5@50M|final,0.00023683642689016396,0.0001309530262867118
103,V5@50M|final,0.0009352900266245196,0.00045359253398194807
104,V5@50M|final,0.00023082788661519526,9.710606648099289e-05
105,V5@75M|layer_1,0.0003560434296168347,0.0003129517694901595
106,V5@75M|layer_1,0.0013866932302254835,0.0011052567164329683
107,V5@75M|layer_1,0.00033742813355219764,0.00024195673540612178
108,V5@75M|layer_2,0.0002597345765000732,0.00016253965710052147
109,V5@75M|layer_2,0.0010219375286795104,0.0005657646410406927
110,V5@75M|layer_2,0.00025126924955251584,0.00012180882163919201
111,V5@75M|layer_3,0.00042008318893936786,0.0004262142895249975
112,V5@75M|layer_3,0.001210083165310343,0.0008318273729070517
113,V5@75M|layer_3,0.00020421320640029726,6.718195154915287e-05
114,V5@75M|layer_4,0.0002990750016169522,0.00022160948993755979
115,V5@75M|layer_4,0.0008884021205153419,0.0003959701856123056
116,V5@75M|layer_4,0.00015655740531700388,2.5124611046155154e-05
117,V5@75M|layer_5,0.0005085218510670453,0.000591979844158642
118,V5@75M|layer_5,0.0016152285167974037,0.0014857646904382254
119,V5@75M|layer_5,0.00031115113443407565,0.00020206572424362983
120,V5@75M|layer_6,0.0011702451991488902,0.0011023471899917758
121,V5@75M|layer_6,0.005122237414909137,0.005385389722764761
122,V5@75M|layer_6,0.001395841420873345,0.0016147217361331893
123,V5@75M|final,0.0013435731309738525,0.0014194745872762554
124,V5@75M|final,0.005784903841263117,0.006660572329056249
125,V5@75M|final,0.0015526572598041507,0.0019304085016577596
126,V4@100M|layer_1,0.0009710403981630302,0.0007613293561251695
127,V4@100M|layer_1,0.006235243527554475,0.00757098462027209
128,V4@100M|layer_1,0.0022850347519243266,0.0035306422482653233
129,V4@100M|layer_2,0.0002704544367994104,0.00017820052136959783
130,V4@100M|layer_2,0.0009575138409825629,0.0004816340525203243
131,V4@100M|layer_2,0.00021019842837479184,7.390816462516146e-05
132,V4@100M|layer_3,0.0003275778801433155,0.0002662257061240238
133,V4@100M|layer_3,0.0011883066211665421,0.0007997742456012013
134,V4@100M|layer_3,0.000268065662019471,0.00014313384383093626
135,V4@100M|layer_4,0.0003186279935071374,0.00025241251661818734
136,V4@100M|layer_4,0.0009389622693196912,0.0004580452770433294
137,V4@100M|layer_4,0.00016364389512456916,3.0409674471170978e-05
138,V4@100M|layer_5,0.0005530281673804754,0.0006803020321495394
139,V4@100M|layer_5,0.001559090939712459,0.0013896750485984806
140,V4@100M|layer_5,0.0002550017654382016,0.0001253447148864852
141,V4@100M|layer_6,0.0008272293637126695,0.0012670163688804552
142,V4@100M|layer_6,0.002799652580172415,0.003790838244059239
143,V4@100M|layer_6,0.0005832296493464603,0.0006746803718212365
144,V4@100M|final,0.007629793280277597,0.007078126556966404
145,V4@100M|final,0.031883920613973486,0.031172294199133616
146,V4@100M|final,0.008319629631404134,0.008542412178448294
147,V4@110M|layer_1,0.0008068867237772194,0.0005085377683854499
148,V4@110M|layer_1,0.005780410602120703,0.0066566122256443115
149,V4@110M|layer_1,0.0022679748916115804,0.003485400694832052
150,V4@110M|layer_2,0.0003616381180726567,0.0003231294941379623
151,V4@110M|layer_2,0.0011698435198644762,0.0007726561105544747
152,V4@110M|layer_2,0.00023062037098622211,9.644986902384156e-05
153,V4@110M|layer_3,0.00041424591879375493,0.00041538976431321494
154,V4@110M|layer_3,0.0012805093932819415,0.0009384308522495169
155,V4@110M|layer_3,0.00023812112307131778,0.00010511797695604674
156,V4@110M|layer_4,0.0004138886966168588,0.00041537202109186296
157,V4@110M|layer_4,0.0010888184421795535,0.0006567736305616044
158,V4@110M|layer_4,0.00016009826665815016,2.7530142815475607e-05
159,V4@110M|layer_5,0.0009956020777687452,0.0008043610318563764
160,V4@110M|layer_5,0.00501545663258674,0.005186613477953047
161,V4@110M|layer_5,0.0015418757674172867,0.001905923827643265
162,V4@110M|layer_6,0.0006825686939610799,0.00034465317333989544
163,V4@110M|layer_6,0.0035324675619681943,0.002640684327383
164,V4@110M|layer_6,0.001109459484872064,0.0010773330633889668
165,V4@110M|final,0.020495976497198778,0.01957563624709511
166,V4@110M|final,0.08507621083825709,0.0846258861222358
167,V4@110M|final,0.02205643989075784,0.022798683013028755
168,V4@120M|layer_1,0.007216818141807339,0.006473850547427009
169,V4@120M|layer_1,0.00027944308979604933,0.0003677230147420956
170,V4@120M|layer_1,0.004656057041730553,0.003755745413817612
171,V4@120M|layer_2,0.02194077827849254,0.02241252090479641
172,V4@120M|layer_2,0.017613085521013577,0.01934448710491047
173,V4@120M|layer_2,0.00023746497068731666,0.00011286212429482552
174,V4@120M|layer_3,0.0013227121212787245,0.0013806397634093472
175,V4@120M|layer_3,0.005953587775001749,0.006996158329871689
176,V4@120M|layer_3,0.0016638556105555082,0.002160955630242431
177,V4@120M|layer_4,0.00040323864532474177,0.0003970595198681306
178,V4@120M|layer_4,0.0008256651318124113,0.0003223553185230088
179,V4@120M|layer_4,7.488455850357948e-05,3.889163101470356e-06
180,V4@120M|layer_5,0.0005584042666468049,0.0006918095198251003
181,V4@120M|layer_5,0.0013559652987016142,0.001055843802899948
182,V4@120M|layer_5,0.00017405142406506121,3.8334400704326425e-05
183,V4@120M|layer_6,0.0007899486696045582,0.0004903398520263184
184,V4@120M|layer_6,0.003810836807205161,0.003084507751458472
185,V4@120M|layer_6,0.0011307045175629026,0.001115207731939201
186,V4@120M|final,0.0010705186540413776,0.0009295136531951213
187,V4@120M|final,0.004946544160225895,0.005059149530819087
188,V4@120M|final,0.0014147295814118776,0.001651591101398071
189,V4@25M|layer_1,7.65721444026966e-05,4.618693692842165e-07
190,V4@25M|layer_1,8.245756939058886e-05,0.00032248623545886907
191,V4@25M|layer_1,1.0894220603767966e-07,0.00029853937571955525
192,V4@25M|layer_2,2.6949156921597758e-05,5.174893032799839e-05
193,V4@25M|layer_2,6.189454051728734e-05,0.0004082314808526437
194,V4@25M|layer_2,7.161246814762271e-06,0.0001692878418890338
195,V4@25M|layer_3,6.821939079441746e-05,2.260085044929238e-06
196,V4@25M|layer_3,0.00018124347196278712,9.589892443823405e-05
197,V4@25M|layer_3,2.7072941737690604e-05,6.871484368090935e-05
198,V4@25M|layer_4,9.084623576030423e-05,7.052669901141964e-07
199,V4@25M|layer_4,0.00028075343154482625,1.3965568332464038e-05
200,V4@25M|layer_4,5.219151191372084e-05,2.0947603390006228e-05
201,V4@25M|layer_5,0.00011368169234904836,8.447019235110438e-06
202,V4@25M|layer_5,0.00038130545871134367,1.7533606831909716e-06
203,V4@25M|layer_5,7.858614314501371e-05,2.503452890714205e-06
204,V4@25M|layer_6,9.174131242146606e-05,8.567007050737222e-07
205,V4@25M|layer_6,0.00028428047725247987,1.2566374876461953e-05
206,V4@25M|layer_6,5.3034086632834906e-05,1.99852771075132e-05
207,V4@25M|final,7.008312802455912e-05,1.6491207384210366e-06
208,V4@25M|final,0.0002173024216120247,5.527328363887345e-05
209,V4@25M|final,4.057198895660633e-05,3.7827659725480174e-05
210,V4@50M|layer_1,0.0014505391940005808,0.0016323107687143997
211,V4@50M|layer_1,0.007804954002222896,0.010950926055949214
212,V4@50M|layer_1,0.0025260380362284026,0.004127395168501611
213,V4@50M|layer_2,0.00010824143554127805,5.963596960306399e-06
214,V4@50M|layer_2,0.0004139386600977232,7.919429072730052e-06
215,V4@50M|layer_2,9.883477656715566e-05,1.384586487212944e-07
216,V4@50M|layer_3,0.0001695617180349765,5.158658736166472e-05
217,V4@50M|layer_3,0.0006475726789800139,0.0001452860052932785
218,V4@50M|layer_3,0.00015440206492197,2.372746041624615e-05
219,V4@50M|layer_4,0.00022145096779745992,0.00011105723992514619
220,V4@50M|layer_4,0.0007486190974850448,0.00024031277278230013
221,V4@50M|layer_4,0.0001557423090326661,2.4637870034209856e-05
222,V4@50M|layer_5,0.00034380423951455073,0.00029313187220799596
223,V4@50M|layer_5,0.0011336692385154365,0.0007204068424303593
224,V4@50M|layer_5,0.0002288577798925024,9.446481886487173e-05
225,V4@50M|layer_6,0.00033412297445662635,0.00027713018797699817
226,V4@50M|layer_6,0.0011209892541565816,0.000702339644422882
227,V4@50M|layer_6,0.00023110526142272337,9.71104550878666e-05
228,V4@50M|final,0.00025930989005229727,0.0001622363497782391
229,V4@50M|final,0.0008740912632478707,0.00037900273935846256
230,V4@50M|final,0.00018122362916198696,4.530352481621316e-05
231,V4@75M|layer_1,0.001200586153759125,0.0011564960666896617
232,V4@75M|layer_1,0.006559371172401161,0.008238221382886156
233,V4@75M|layer_1,0.002147439100995525,0.00322139723243931
234,V4@75M|layer_2,0.0017457367770584403,0.0022221594525549167
235,V4@75M|layer_2,0.006652333795049447,0.008429487301429353
236,V4@75M|layer_2,0.001582434502220756,0.001995628064756997
237,V4@75M|layer_3,0.00023850594089010297,0.00013280743499296778
238,V4@75M|layer_3,0.0011231256205484136,0.000705389209360763
239,V4@75M|layer_3,0.00032650425938010824,0.0002260498267783384
240,V4@75M|layer_4,0.0003076631988630712,0.00023456963843907308
241,V4@75M|layer_4,0.0010887512437586044,0.0006569870055129053
242,V4@75M|layer_4,0.00023888484832022583,0.00010642174002187906
243,V4@75M|layer_5,0.0004786130472872809,0.0005341797110498689
244,V4@75M|layer_5,0.0016175073103164418,0.0014897159652289933
245,V4@75M|layer_5,0.00033639298917416296,0.00023977007100057856
246,V4@75M|layer_6,0.0010668436418349338,0.0009237372830978027
247,V4@75M|layer_6,0.004559983122140178,0.00435991139603306
248,V4@75M|layer_6,0.0012155734270061754,0.0012699657282645323
249,V4@75M|final,0.008365507990602034,0.008406493285239552
250,V4@75M|final,0.03409649221364751,0.03526509890823252
251,V4@75M|final,0.008684227745736654,0.009235807481904074
252,V6@100M|layer_1,0.0002670782123492103,0.00017350531367076188
253,V6@100M|layer_1,0.0008389122162176013,0.00033804632676877696
254,V6@100M|layer_1,0.00015930109193031808,2.718469705357462e-05
255,V6@100M|layer_2,0.00031495230289134944,0.00024569599779385404
256,V6@100M|layer_2,0.0012481330113627517,0.0008891514545236829
257,V6@100M|layer_2,0.00030912779305425825,0.00020005131666216752
258,V6@100M|layer_3,0.000292377816309341,0.000210139655698629
259,V6@100M|layer_3,0.001327689781931227,0.001011728761553792
260,V6@100M|layer_3,0.000373974440924828,0.0002996876679124354
261,V6@100M|layer_4,0.00021026200151027242,9.654582365867728e-05
262,V6@100M|layer_4,0.001056505418656789,0.0006124153482766465
263,V6@100M|layer_4,0.0003241265682341001,0.00022264380962719278
264,V6@100M|layer_5,0.00039693671040936113,0.00038421566647865756
265,V6@100M|layer_5,0.001318364111738452,0.0009971128360558583
266,V6@100M|layer_5,0.00026850143918524013,0.00014341675631085896
267,V6@100M|layer_6,0.00032231648378380274,0.00025811977443635534
268,V6@100M|layer_6,0.0010319124222501804,0.0005790554741909251
269,V6@100M|layer_6,0.00020079510470422308,6.395944851893175e-05
270,V6@100M|final,0.00030848482211865113,0.0002361609529076598
271,V6@100M|final,0.0009731189427311036,0.0005015703520720643
272,V6@100M|final,0.0001858073896984325,4.9396118328426795e-05
273,V6@110M|layer_1,0.0002924308996719461,0.00021116464807802697
274,V6@110M|layer_1,0.0009682507351449078,0.0004953384465905267
275,V6@110M|layer_1,0.00019645152138001183,5.967091008338636e-05
276,V6@110M|layer_2,0.0003082591110334809,0.00023516171459027574
277,V6@110M|layer_2,0.0012167869655877175,0.0008420137556705372
278,V6@110M|layer_2,0.0003001613174226909,0.00018721053051974428
279,V6@110M|layer_3,0.00030541390988137227,0.00023021466678743436
280,V6@110M|layer_3,0.0013789607258093885,0.0010928649130588807
281,V6@110M|layer_3,0.0003864473852760083,0.0003198975788045738
282,V6@110M|layer_4,0.00022476539150995708,0.00011471686852347302
283,V6@110M|layer_4,0.0010984568088108944,0.0006705265733482493
284,V6@110M|layer_4,0.0003294514527353556,0.00023055178425900473
285,V6@110M|layer_5,0.0005141527500856655,0.0006039440345022322
286,V6@110M|layer_5,0.0013274657220895384,0.0010110531664967452
287,V6@110M|layer_5,0.0001893229154943901,5.215424219562861e-05
288,V6@110M|layer_6,0.00039092416261267806,0.0003741769889095946
289,V6@110M|layer_6,0.0011225989704944338,0.0007044797835689319
290,V6@110M|layer_6,0.00018860643762714163,5.181671840290605e-05
291,V6@110M|final,0.0003851054800925755,0.000363987918854673
292,V6@110M|final,0.00110250104583305,0.0006760597714146483
293,V6@110M|final,0.00018441169082520422,4.7923526228178886e-05
294,V6@120M|layer_1,0.0003135994741803894,0.00024376967913369166
295,V6@120M|layer_1,0.001166224428810282,0.0007674510485424692
296,V6@120M|layer_1,0.0002703159573347039,0.00014616282012542813
297,V6@120M|layer_2,0.0003110483887729998,0.00023957743779400476
298,V6@120M|layer_2,0.0012156652244700175,0.0008403391367791896
299,V6@120M|layer_2,0.0002968669409155015,0.00018252859322380306
300,V6@120M|layer_3,0.00027314729964144854,0.00018140671089429607
301,V6@120M|layer_3,0.0012634668139343461,0.000912426306189004
302,V6@120M|layer_3,0.00036168850161093284,0.0002801494050099608
303,V6@120M|layer_4,0.00018914647173927336,7.197928797337585e-05
304,V6@120M|layer_4,0.0009583755616431351,0.000482682188199114
305,V6@120M|layer_4,0.00029599785618966744,0.00018187134634605097
306,V6@120M|layer_5,0.0004524532137698386,0.00048569690491829224
307,V6@120M|layer_5,0.0013013929879282307,0.000970581520231138
308,V6@120M|layer_5,0.0002191547802511898,8.30946204864788e-05
309,V6@120M|layer_6,0.00031959824539638603,0.0002535946167043071
310,V6@120M|layer_6,0.00108504394347991,0.000651803239723944
311,V6@120M|layer_6,0.00022688475966745517,9.227106989513251e-05
312,V6@120M|final,0.0003422317567272657,0.000290495156355599
313,V6@120M|final,0.0011395054693731992,0.0007287769238970774
314,V6@120M|final,0.00023277772542173279,9.904131255180547e-05
315,V6@25M|layer_1,0.002335841805635869,0.003450861376262577
316,V6@25M|layer_1,0.004195134910979251,0.0015409165610307989
317,V6@25M|layer_1,0.012791702395112145,0.009603714382867902
318,V6@25M|layer_2,0.0038559301263436014,0.002697122259886257
319,V6@25M|layer_2,0.014719943628924665,0.009521061623240755
320,V6@25M|layer_2,0.0035081500921730247,0.0020832014476629295
321,V6@25M|layer_3,0.0022877210848028474,0.003474471414844483
322,V6@25M|layer_3,0.009775949466990919,0.01566036381795103
323,V6@25M|layer_3,0.002605415803775528,0.004382006835293441
324,V6@25M|layer_4,7.172666092207103e-05,1.2498767881953255e-06
325,V6@25M|layer_4,0.0001908965627689944,8.353877678907612e-05
326,V6@25M|layer_4,2.8594396159750357e-05,6.435210024527353e-05
327,V6@25M|layer_5,8.565194999125172e-05,1.056453461453853e-07
328,V6@25M|layer_5,0.00023409791012885035,4.107004572590103e-05
329,V6@25M|layer_5,3.654715892244167e-05,4.534167676425393e-05
330,V6@25M|layer_6,7.899604162693108e-05,1.213641472374236e-07
331,V6@25M|layer_6,0.00021277387764756777,5.961111794477443e-05
332,V6@25M|layer_6,3.247630889606456e-05,5.435302022478516e-05
333,V6@25M|final,6.46011620356617e-05,3.655196246324469e-06
334,V6@25M|final,0.00017121226163589108,0.00011005258821431848
335,V6@25M|final,2.5475495028787028e-05,7.359475379282769e-05
336,V6@50M|layer_1,0.00014908601399425892,3.267229006602409e-05
337,V6@50M|layer_1,0.0005091304513388177,4.677821149886116e-05
338,V6@50M|layer_1,0.00010720202053801551,1.2622340342482537e-06
339,V6@50M|layer_2,0.00014944812374404596,3.298554734565584e-05
340,V6@50M|layer_2,0.0005501022160035394,7.143467066602842e-05
341,V6@50M|layer_2,0.00012609853166195076,7.336507506252688e-06
342,V6@50M|layer_3,0.00015457439181362667,3.7443522031402386e-05
343,V6@50M|layer_3,0.0005900636309032493,9.931032490315853e-05
344,V6@50M|layer_3,0.00014062237100506767,1.479437270714139e-05
345,V6@50M|layer_4,9.927223728580793e-05,2.7186978567526825e-06
346,V6@50M|layer_4,0.0004760656632738739,3.0128260087926192e-05
347,V6@50M|layer_4,0.0001405501201971259,1.4746169439342227e-05
348,V6@50M|layer_5,0.00015102234291500876,3.433323489556055e-05
349,V6@50M|layer_5,0.0005542918746697361,7.418659350051421e-05
350,V6@50M|layer_5,0.00012665902639961055,7.582902729505568e-06
351,V6@50M|layer_6,0.0001900140902770231,7.331832077838375e-05
352,V6@50M|layer_6,0.0006028768185634875,0.00010894414486235371
353,V6@50M|layer_6,0.00011597114925759869,3.515697726520427e-06
354,V6@50M|final,0.0001655392678299205,4.764885975233381e-05
355,V6@50M|final,0.0005230362633408066,5.465239247916989e-05
356,V6@50M|final,0.00010007560735787011,2.4001209854296334e-07
357,V6@75M|layer_1,0.00023561277087295686,0.00012952672912386123
358,V6@75M|layer_1,0.0008078695093044827,0.0003032552722277856
359,V6@75M|layer_1,0.00017091280193285848,3.6400046660310615e-05
360,V6@75M|layer_2,0.0002497377538575333,0.00014836707289265466
361,V6@75M|layer_2,0.0010519101901777946,0.0006062106322971229
362,V6@75M|layer_2,0.00027655928805506993,0.0001547720797732452
363,V6@75M|layer_3,0.00021523446134688378,0.00010280662030630754
364,V6@75M|layer_3,0.000999816993922907,0.0005364065119872791
365,V6@75M|layer_3,0.0002872689977239338,0.0001695488240575573
366,V6@75M|layer_4,0.00014657473323241915,3.0508405932155616e-05
367,V6@75M|layer_4,0.000752058510327058,0.00024380359231583818
368,V6@75M|layer_4,0.00023460681177725015,0.00010182363386257359
369,V6@75M|layer_5,0.00026886009445558116,0.0001759955397684156
370,V6@75M|layer_5,0.0008955781428603367,0.00040469807895801417
371,V6@75M|layer_5,0.0001830408171404132,4.693315990821978e-05
372,V6@75M|layer_6,0.00025718058115359126,0.00015940397081213922
373,V6@75M|layer_6,0.0007539827977031448,0.0002457220235377772
374,V6@75M|layer_6,0.00013045971906394205,9.30246666155071e-06
375,V6@75M|final,0.000241472493204936,0.00013759731833292278
376,V6@75M|final,0.0006933697976198258,0.0001861762086276286
377,V6@75M|final,0.0001164787194354648,3.665126292574799e-06
378,V7@100M|layer_1,0.00025931502891550826,0.00016208681790164868
379,V7@100M|layer_1,0.0009536938472557599,0.00047678618820338645
380,V7@100M|layer_1,0.00021840916256248228,8.2884675057185e-05
381,V7@100M|layer_2,0.0010142323389595502,0.0008355604572165579
382,V7@100M|layer_2,0.004708988077225208,0.004626296928249157
383,V7@100M|layer_2,0.001352404477851599,0.0015296565886663146
384,V7@100M|layer_3,0.0003848564180748001,0.0003625696636190317
385,V7@100M|layer_3,0.001415749319940372,0.0011520568802130184
386,V7@100M|layer_3,0.0003243127966731284,0.0002220308985835834
387,V7@100M|layer_4,0.00038496033410932435,0.00036298541133420045
388,V7@100M|layer_4,0.0013415583149013787,0.0010335092474999942
389,V7@100M|layer_4,0.0002892340743608849,0.0001715068559210625
390,V7@100M|layer_5,0.0003743323889977185,0.0003435957545450074
391,V7@100M|layer_5,0.00161168431744454,0.0014797011240683588
392,V7@100M|layer_5,0.0004325616657549881,0.00039722672013537113
393,V7@100M|layer_6,0.0002823123897248305,0.0001954591256099766
394,V7@100M|layer_6,0.0011062860647762021,0.0006815881839178749
395,V7@100M|layer_6,0.0002708896146572236,0.00014705380146170485
396,V7@100M|final,0.0003012647066609463,0.00022453338586418434
397,V7@100M|final,0.0010891975011900414,0.0006576172246671891
398,V7@100M|final,0.00024479774442052283,0.00011362729388539944
399,V7@110M|layer_1,0.00030239815766733074,0.00022645899815207596
400,V7@110M|layer_1,0.0010279904293933693,0.0005738266756685912
401,V7@110M|layer_1,0.00021528785269056536,7.931906132090487e-05
402,V7@110M|layer_2,0.0006294281973857462,0.0008362082774660246
403,V7@110M|layer_2,0.0018072775679492206,0.0018252580691053059
404,V7@110M|layer_2,0.0003035846138107749,0.00019059936844603294
405,V7@110M|layer_3,0.0003731265028280609,0.0003428088322317784
406,V7@110M|layer_3,0.0011954621676937504,0.0008102585878030428
407,V7@110M|layer_3,0.00023283627146752277,9.900138739638969e-05
408,V7@110M|layer_4,0.0003236650301472543,0.00026025142492885927
409,V7@110M|layer_4,0.0010507937384981478,0.0006046219458217186
410,V7@110M|layer_4,0.0002080880093247665,7.15166465883337e-05
411,V7@110M|layer_5,0.0003029780804877953,0.00022667005487630055
412,V7@110M|layer_5,0.0012860622419584929,0.0009470797313988386
413,V7@110M|layer_5,0.0003406034286364102,0.0002470899464452131
414,V7@110M|layer_6,0.00025049898220049253,0.00014989382907062832
415,V7@110M|layer_6,0.000812591729523776,0.0003084490040617602
416,V7@110M|layer_6,0.00016075285661623076,2.8298173629034496e-05
417,V7@110M|final,0.00028615377922985976,0.00020182442984202604
418,V7@110M|final,0.0008601475428565447,0.00036253088065018837
419,V7@110M|final,0.00015406249985925913,2.3365150554524313e-05
420,V7@120M|layer_1,0.00023394564686241487,0.00012703175993251418
421,V7@120M|layer_1,0.0009644509707179479,0.0004905169815907033
422,V7@120M|layer_1,0.0002483879729634958,0.00011830437070567256
423,V7@120M|layer_2,0.0006300306722328787,0.0008374307723713277
424,V7@120M|layer_2,0.0018230956745312013,0.0018539366100710872
425,V7@120M|layer_2,0.0003096654132551482,0.0001993452579023376
426,V7@120M|layer_3,0.00041388070583353267,0.00041450410168662646
427,V7@120M|layer_3,0.0013501941543004195,0.001047099956419631
428,V7@120M|layer_3,0.0002689905018528982,0.00014398920267721355
429,V7@120M|layer_4,0.0003118858456770883,0.00024108163130054705
430,V7@120M|layer_4,0.0011525788771395058,0.0007476545274463501
431,V7@120M|layer_4,0.0002653433147745173,0.00013962892611722453
432,V7@120M|layer_5,0.0002935951838891723,0.00021137269781425626
433,V7@120M|layer_5,0.0015394801862530338,0.0013565849693414358
434,V7@120M|layer_5,0.0004884803108374396,0.0004969860993090571
435,V7@120M|layer_6,0.00021017172737800306,9.640917759183308e-05
436,V7@120M|layer_6,0.001069672925522215,0.0006304812213356152
437,V7@120M|layer_6,0.00033155143561669145,0.00023380145751399203
438,V7@120M|final,0.0002563410495632195,0.0001574936729544591
439,V7@120M|final,0.0011163021111001172,0.0006957295208339826
440,V7@120M|final,0.00030277577675252393,0.00019118694819764438
441,V7@25M|layer_1,0.002110017533543666,0.0029832629730388834
442,V7@25M|layer_1,0.005736233004633041,0.003425231309432293
443,V7@25M|layer_1,0.014804282505987082,0.012801730001423832
444,V7@25M|layer_2,0.004497308715404894,0.0036397879912285188
445,V7@25M|layer_2,0.018402983711387717,0.014909911501422783
446,V7@25M|layer_2,0.0047053591722101,0.0038162115372269638
447,V7@25M|layer_3,0.00016330910786492513,4.545834669933875e-05
448,V7@25M|layer_3,0.0006991149460177828,0.00019168293567702426
449,V7@25M|layer_3,0.00018663758426615967,5.044806507746673e-05
450,V7@25M|layer_4,0.00017252103427800407,5.457647983247478e-05
451,V7@25M|layer_4,0.0006228520029232285,0.000124721169563346
452,V7@25M|layer_4,0.00013976622898020173,1.4290469002279987e-05
453,V7@25M|layer_5,0.0001423869451551475,2.7189208730728692e-05
454,V7@25M|layer_5,0.0005228677134421509,5.457800426962101e-05
455,V7@25M|layer_5,0.0001195458115468408,4.723517601093901e-06
456,V7@25M|layer_6,0.0001125843997311259,7.905871267891983e-06
457,V7@25M|layer_6,0.0003710979822052934,7.134970835515056e-07
458,V7@25M|layer_6,7.488001615062774e-05,3.86928789209358e-06
459,V7@25M|final,9.130409418261337e-05,7.862132866972837e-07
460,V7@25M|final,0.0002953579517485689,8.696159702146823e-06
461,V7@25M|final,5.8227028041584405e-05,1.471191839970701e-05
462,V7@50M|layer_1,0.000124660867906757,1.4440520477111602e-05
463,V7@50M|layer_1,0.000962841870846513,0.00048800787556595583
464,V7@50M|layer_1,0.0003945995614573607,0.0003345545281371577
465,V7@50M|layer_2,0.00027312033451929943,0.00017966748982551487
466,V7@50M|layer_2,0.0018209132238342191,0.0018500026359138588
467,V7@50M|layer_2,0.0006836032285261736,0.000876612746828455
468,V7@50M|layer_3,0.0001363128627745626,2.1729023059195942e-05
469,V7@50M|layer_3,0.0013981307784768414,0.0011228668145251907
470,V7@50M|layer_3,0.0006613269046178511,0.0008321935398641311
471,V7@50M|layer_4,0.0001512636030103509,3.391005831655343e-05
472,V7@50M|layer_4,0.0012051099398681367,0.000824103665689423
473,V7@50M|layer_4,0.0005024665888652485,0.0005236761499140779
474,V7@50M|layer_5,0.00014531820223010004,2.897692470275901e-05
475,V7@50M|layer_5,0.0011885369176374088,0.0007995654745320385
476,V7@50M|layer_5,0.000502672713520568,0.0005241154060134958
477,V7@50M|layer_6,0.00014045943224340958,2.5630331684787702e-05
478,V7@50M|layer_6,0.000736641814642751,0.00022816106108206353
479,V7@50M|layer_6,0.00023377149924044276,0.00010084900265755042
480,V7@50M|final,0.00012523811846882019,1.4991817468251712e-05
481,V7@50M|final,0.0006359696799990015,0.00013545468453994168
482,V7@50M|final,0.00019676950732770972,6.031966014979037e-05
483,V7@75M|layer_1,0.00019322854294016832,7.644027349745081e-05
484,V7@75M|layer_1,0.0010397434937504182,0.0005895825334280913
485,V7@75M|layer_1,0.0003365165267428522,0.00024143901022782055
486,V7@75M|layer_2,0.00043846061509723714,0.00045753955960502294
487,V7@75M|layer_2,0.001979407655020365,0.0021425775321002195
488,V7@75M|layer_2,0.0005546535235589472,0.0006199009616257512
489,V7@75M|layer_3,0.000221343212004661,0.00010902317938834573
490,V7@75M|layer_3,0.0016071440043503894,0.0014716883766868396
491,V7@75M|layer_3,0.0006356244143917269,0.0007795919747509684
492,V7@75M|layer_4,0.00018614963225910497,6.800148534461762e-05
493,V7@75M|layer_4,0.0013051343513150332,0.0009762198249423797
494,V7@75M|layer_4,0.0005054842482403963,0.0005289179118159835
495,V7@75M|layer_5,0.0001922052870299139,7.416324175088922e-05
496,V7@75M|layer_5,0.001541296581891813,0.0013593705271633212
497,V7@75M|layer_5,0.0006449333558354064,0.0007985051867699214
498,V7@75M|layer_6,0.00016855651170954425,5.0241897235063673e-05
499,V7@75M|layer_6,0.0009896658864056121,0.0005229542478137833
500,V7@75M|layer_6,0.00034136346397667443,0.00024900969513275226
501,V7@75M|final,0.0001706480615226089,5.2426604062485324e-05
502,V7@75M|final,0.0009153620151026954,0.00042876480622835176
503,V7@75M|final,0.0002955551355471825,0.00018133355908755695
504,V2@100M|layer_1,0.00042925000734910315,0.00044014764945094186
505,V2@100M|layer_1,0.0021167650049057356,0.0024038158241040265
506,V2@100M|layer_1,0.0006395823290350918,0.0007867479917034783
507,V2@100M|layer_2,0.00047417024863452583,0.0005239576306410187
508,V2@100M|layer_2,0.0022448082963753566,0.002653106185129068
509,V2@100M|layer_2,0.0006555626315022362,0.0008190008559666326
510,V2@100M|layer_3,0.0005916466248398221,0.0007567860050684986
511,V2@100M|layer_3,0.0025337096130821314,0.0032343948363526436
512,V2@100M|layer_3,0.0006766335170699136,0.0008621268329275231
513,V2@100M|layer_4,0.0006184868690778292,0.0008124201758353647
514,V2@100M|layer_4,0.002460680386178758,0.003085057980056305
515,V2@100M|layer_4,0.0006118622414012484,0.0007311785196477234
516,V2@100M|layer_5,0.0006262971903872358,0.0008286600277826015
517,V2@100M|layer_5,0.0025698185835792585,0.003308747522408248
518,V2@100M|layer_5,0.0006588178736791872,0.0008257150440276156
519,V2@100M|layer_6,0.000606341456612035,0.00025186525281345587
520,V2@100M|layer_6,0.0023591004535496764,0.0010087477637741075
521,V2@100M|layer_6,0.000573438226803816,0.0002525088343762666
522,V2@100M|final,0.006822998530349715,0.005732214423628342
523,V2@100M|final,0.027066656757941607,0.022950612292265037
524,V2@100M|final,0.006710563376977177,0.005743094301340384
525,V2@110M|layer_1,0.00038673987246878633,0.0003645004191246392
526,V2@110M|layer_1,0.0018500974678936194,0.0019031011547065795
527,V2@110M|layer_1,0.0005450850431415595,0.0006018510900826686
528,V2@110M|layer_2,0.0004793415063688291,0.000533925248496748
529,V2@110M|layer_2,0.0022131592701130796,0.002590953187845731
530,V2@110M|layer_2,0.0006325404871849112,0.0007725388990613718
531,V2@110M|layer_3,0.0006541637424243131,0.0008874506317821584
532,V2@110M|layer_3,0.0029567377785318645,0.004127909900417342
533,V2@110M|layer_3,0.0008293978624493234,0.0011874021995813447
534,V2@110M|layer_4,0.0009235626745564739,0.0006914286032354068
535,V2@110M|layer_4,0.0034294358721125295,0.0024817820437075377
536,V2@110M|layer_4,0.000793617158692613,0.0005533059982845774
537,V2@110M|layer_5,0.020138215166207004,0.01896889048391198
538,V2@110M|layer_5,0.0794063402948131,0.0746132063232004
539,V2@110M|layer_5,0.0195670094517057,0.018340360001046607
540,V2@110M|layer_6,0.0010062262691244146,0.0016935471509125807
541,V2@110M|layer_6,0.004199746065747943,0.006993915004580831
542,V2@110M|layer_6,0.0010945760683918366,0.0018042870655417937
543,V2@110M|final,0.0006845615669369317,0.00034817189598122827
544,V2@110M|final,0.0026096909896135626,0.0013188689519880894
545,V2@110M|final,0.0006210566018393046,0.0003117650774126769
546,V2@120M|layer_1,0.00044116430709361775,0.00046209240495152153
547,V2@120M|layer_1,0.002138338390209121,0.0024454261709943173
548,V2@120M|layer_1,0.0006369697382533553,0.0007814773153056282
549,V2@120M|layer_2,0.0005118240998692622,0.0005963848306713124
550,V2@120M|layer_2,0.0024449245036821166,0.003053226182694848
551,V2@120M|layer_2,0.0007194544491359156,0.0009507981039797534
552,V2@120M|layer_3,0.0006465342412644461,0.0008712790437976213
553,V2@120M|layer_3,0.0029816145416059867,0.004181950101589327
554,V2@120M|layer_3,0.0008513046061833323,0.0012355620641855965
555,V2@120M|layer_4,0.0006113651050538187,0.0007975702916114657
556,V2@120M|layer_4,0.0025047349159085627,0.003174945404549787
557,V2@120M|layer_4,0.0006411798000288613,0.0007899116478025791
558,V2@120M|layer_5,0.0008599235822660504,0.0005937292054474423
559,V2@120M|layer_5,0.003388316606352891,0.002418944804560205
560,V2@120M|layer_5,0.0008343313708638171,0.0006158442898708473
561,V2@120M|layer_6,0.0006396313217266806,0.0002916973879637609
562,V2@120M|layer_6,0.0025014797897296923,0.0011818997900033953
563,V2@120M|layer_6,0.0006112693581623874,0.0002992768101306565
564,V2@120M|final,0.006878883209926169,0.005822155613320746
565,V2@120M|final,0.027346628528906684,0.023404259090824112
566,V2@120M|final,0.006794561056395033,0.005880045526796999
567,V2@25M|layer_1,0.00013877442640036056,2.4332474464158768e-05
568,V2@25M|layer_1,0.0007506565635383331,0.00024234264222421876
569,V2@25M|layer_1,0.00024391744545276112,0.00011309391792371676
570,V2@25M|layer_2,0.0001257593989943727,1.5204403435299762e-05
571,V2@25M|layer_2,0.0008653859182685706,0.00036849013991362703
572,V2@25M|layer_2,0.0003313562207187557,0.00023399253602535288
573,V2@25M|layer_3,0.00015581083178504705,3.819337701406266e-05
574,V2@25M|layer_3,0.0010112813667532009,0.0005513048414255546
575,V2@25M|layer_3,0.0003731939911526018,0.00029928316949663587
576,V2@25M|layer_4,0.00017776138181272032,5.953190750613531e-05
577,V2@25M|layer_4,0.0010398162359860116,0.0005896146315438379
578,V2@25M|layer_4,0.0003577190923652161,0.0002744419422842983
579,V2@25M|layer_5,0.0017353613901830815,0.002197533914530041
580,V2@25M|layer_5,0.00628786240641705,0.007673206871031243
581,V2@25M|layer_5,0.0014166471802639893,0.0016580354256214404
582,V2@25M|layer_6,0.0002701236233463222,0.00017723946558021898
583,V2@25M|layer_6,0.001159666798811086,0.0007579209308592107
584,V2@25M|layer_6,0.000310409526180921,0.00020212969929899355
585,V2@25M|final,0.00021124115024759145,9.801929248064402e-05
586,V2@25M|final,0.0009053947901031151,0.00041665434013217115
587,V2@25M|final,0.00024197798002665278,0.00011049464439722329
588,V2@50M|layer_1,0.00029399115106158166,0.0002116814119126254
589,V2@50M|layer_1,0.0016345308119474447,0.0015191105541294847
590,V2@50M|layer_1,0.0005421055827681539,0.0005966535848037364
591,V2@50M|layer_2,0.00025298678424830976,0.00015123205848167982
592,V2@50M|layer_2,0.0016656273850826507,0.0015731793867821435
593,V2@50M|layer_2,0.0006203357463292054,0.0007488804984989139
594,V2@50M|layer_3,0.001434223823503123,0.001589438220309866
595,V2@50M|layer_3,0.004683829430404758,0.004580972212969522
596,V2@50M|layer_3,0.0009343635431664677,0.000773680934232301
597,V2@50M|layer_4,0.0003874499157453372,0.0003657933148142822
598,V2@50M|layer_4,0.0018364157384170015,0.0018781442855132352
599,V2@50M|layer_4,0.0005368337953960874,0.0005862131070568328
600,V2@50M|layer_5,0.0011214834303338586,0.0010173405025418766
601,V2@50M|layer_5,0.00446131048067679,0.004185727584267512
602,V2@50M|layer_5,0.0011091887511183117,0.001075933388701203
603,V2@50M|layer_6,0.0006534069088339808,0.0008858236114744258
604,V2@50M|layer_6,0.0023534388184127497,0.0028686939709994027
605,V2@50M|layer_6,0.0005267221952677512,0.0005663163004932795
606,V2@50M|final,0.0010830105994660407,0.0009511024762906742
607,V2@50M|final,0.004643836294421494,0.004509343085964002
608,V2@50M|final,0.0012416160507564412,0.001318539056547611
609,V2@75M|layer_1,0.0003350108984744384,0.0002758928056634119
610,V2@75M|layer_1,0.001979372234731773,0.002142656019518546
611,V2@75M|layer_1,0.000685750245446851,0.0008808318410830376
612,V2@75M|layer_2,0.00039070803133966136,0.0003700437559749982
613,V2@75M|layer_2,0.002305466235298146,0.002773501442146959
614,V2@75M|layer_2,0.000798002331207933,0.0011173992104358448
615,V2@75M|layer_3,0.0004992862903357106,0.0005715085337111935
616,V2@75M|layer_3,0.002625103292536733,0.003423885096342295
617,V2@75M|layer_3,0.000834692585731796,0.0011976948964467465
618,V2@75M|layer_4,0.0006092107833925511,0.0007929096085189101
619,V2@75M|layer_4,0.0028710235531956836,0.0039432645827107895
620,V2@75M|layer_4,0.0008351948223421359,0.0011997056834871524
621,V2@75M|layer_5,0.000629651196963813,0.0008356321267821393
622,V2@75M|layer_5,0.00278709190321174,0.0037639406849612053
623,V2@75M|layer_5,0.0007672935325065065,0.0010525911316914417
624,V2@75M|layer_6,0.0008900242394523891,0.0014151370282603718
625,V2@75M|layer_6,0.0036947296679131453,0.005789496277172999
626,V2@75M|layer_6,0.000957965265789311,0.001479974169099369
627,V2@75M|final,0.007160814283068756,0.006285452561060024
628,V2@75M|final,0.028299310499622986,0.02496949907699146
629,V2@75M|final,0.006989360351317747,0.006199445103809418
630,V3@100M|layer_1,0.0007108914071365096,0.0003825832464620742
631,V3@100M|layer_1,0.0028577449502198682,0.0016488812128513488
632,V3@100M|layer_1,0.000717989884081185,0.0004429628666884747
633,V3@100M|layer_2,0.0008667580052093803,0.0013610391199036802
634,V3@100M|layer_2,0.0036341369571790544,0.0056485479864326615
635,V3@100M|layer_2,0.0009512936891960749,0.0014641764704364114
636,V3@100M|layer_3,0.0006426683321016706,0.0002953041411260414
637,V3@100M|layer_3,0.002922791876362703,0.0017386465470454202
638,V3@100M|layer_3,0.0008243759118676068,0.0006008707527917025
639,V3@100M|layer_4,0.0008118674119282613,0.0012317711410392807
640,V3@100M|layer_4,0.002510021742996207,0.003186252737978266
641,V3@100M|layer_4,0.00046685510513102104,0.00045583550858434963
642,V3@100M|layer_5,0.0008897762306074391,0.0014092395909136028
643,V3@100M|layer_5,0.0027278639184190757,0.003639297949769587
644,V3@100M|layer_5,0.0005017528115632594,0.0005192361579328631
645,V3@100M|layer_6,0.000794251348289854,0.0011923551990036011
646,V3@100M|layer_6,0.0025088145865379483,0.0031836958356112497
647,V3@100M|layer_6,0.00047985544464679714,0.00047933637652802243
648,V3@100M|final,0.0007475974394204939,0.0010889616782974068
649,V3@100M|final,0.002362528382280536,0.002887144460139783
650,V3@100M|final,0.0004521414958246189,0.00042984631896491893
651,V3@110M|layer_1,0.0005365959781489699,0.00017495003219035555
652,V3@110M|layer_1,0.0022876029292495004,0.0009250276285100204
653,V3@110M|layer_1,0.0006083302006045887,0.0002954066858701877
654,V3@110M|layer_2,0.0005009883454487812,0.00013922664720206313
655,V3@110M|layer_2,0.0020265201801095167,0.0006400373249044309
656,V3@110M|layer_2,0.0005123033329770127,0.00018223716925548837
657,V3@110M|layer_3,0.0004995345401079424,0.00013812911231513621
658,V3@110M|layer_3,0.0023253705980994036,0.0009687932681634432
659,V3@110M|layer_3,0.000669351443861386,0.0003752980119716266
660,V3@110M|layer_4,0.0006091019018067361,0.0002546537533342124
661,V3@110M|layer_4,0.0032128008874965793,0.0021546262031767443
662,V3@110M|layer_4,0.0010241014162958911,0.0009278162888211782
663,V3@110M|layer_5,0.006328099955544515,0.004930825770372325
664,V3@110M|layer_5,0.027743948056139656,0.024049780702208576
665,V3@110M|layer_5,0.007571747903143031,0.00720123288578986
666,V3@110M|layer_6,0.0067870802474385705,0.005659966459974915
667,V3@110M|layer_6,0.029047038275120594,0.02622054848293076
668,V3@110M|layer_6,0.00775248183780286,0.0075159977118556005
669,V3@110M|final,0.006910612245062486,0.005860835307817681
670,V3@110M|final,0.029490587769325415,0.02697380729437369
671,V3@110M|final,0.007849631444322266,0.007687949604730631
672,V3@120M|layer_1,0.001263088701522021,0.0023259921312141305
673,V3@120M|layer_1,0.0043108009449683545,0.007266885348581889
674,V3@120M|layer_1,0.000907017474210539,0.0013702943967893832
675,V3@120M|layer_2,0.0013024931074845265,0.0024356120934037506
676,V3@120M|layer_2,0.004787182360807717,0.008458528215630505
677,V3@120M|layer_2,0.0010955701313080288,0.0018163225945421876
678,V3@120M|layer_3,0.00040780246325865976,6.149018663016227e-05
679,V3@120M|layer_3,0.002302829836291382,0.0009417596374879134
680,V3@120M|layer_3,0.0007724891885232272,0.0005219641465007639
681,V3@120M|layer_4,0.0004658234973767624,0.00010700789670996125
682,V3@120M|layer_4,0.003010779474036741,0.0018604641451616087
683,V3@120M|layer_4,0.001108066018418275,0.0010750946439550928
684,V3@120M|layer_5,0.0004874981326598382,0.00012612817654924634
685,V3@120M|layer_5,0.0032507787224257843,0.0022093577009447796
686,V3@120M|layer_5,0.0012205409222499934,0.001279716474328336
687,V3@120M|layer_6,0.00636038398568227,0.004965360365046467
688,V3@120M|layer_6,0.029349253713267874,0.026728517645935895
689,V3@120M|layer_6,0.008384006997383918,0.008653329221027291
690,V3@120M|final,0.0005872265417093819,0.00022866011941374066
691,V3@120M|final,0.0035939394645790068,0.0027361084184139416
692,V3@120M|final,0.0012756838480932164,0.0013828217907044
693,V3@25M|layer_1,0.00018732620370507405,6.969848391663095e-05
694,V3@25M|layer_1,0.0011086970994681142,0.000684790815739681
695,V3@25M|layer_1,0.0003845672840429426,0.00031755048628726045
696,V3@25M|layer_2,0.0018416544988939351,0.002417750227839176
697,V3@25M|layer_2,0.00609299305085024,0.007277323863716733
698,V3@25M|layer_2,0.0012350391839282071,0.0013058544783712339
699,V3@25M|layer_3,0.00017566819690656345,5.7252148183542666e-05
700,V3@25M|layer_3,0.0010998301858248414,0.0006722602706600782
701,V3@25M|layer_3,0.00039639614602111054,0.00033714348717986474
702,V3@25M|layer_4,0.0001939975851772638,7.718239926588493e-05
703,V3@25M|layer_4,0.001111243951436923,0.0006884152715877902
704,V3@25M|layer_4,0.0003766325917475042,0.0003045833875503433
705,V3@25M|layer_5,0.00024204552780240798,0.0001374689372661237
706,V3@25M|layer_5,0.0011811610064751143,0.0007892316445590258
707,V3@25M|layer_5,0.00035382402229802923,0.00026792949735247927
708,V3@25M|layer_6,0.0002745216756575749,0.00018388059063418125
709,V3@25M|layer_6,0.00109125095877654,0.0006604990181725487
710,V3@25M|layer_6,0.0002711091395348448,0.00014737760142119873
711,V3@25M|final,0.0002282449898100576,0.00011960310839209126
712,V3@25M|final,0.0009131220623532067,0.00042611485590368994
713,V3@25M|final,0.0002283160441310811,9.421088218906891e-05
714,V3@50M|layer_1,0.0014140198847360911,0.0015502380196028556
715,V3@50M|layer_1,0.004274706798186083,0.0038606718464000984
716,V3@50M|layer_1,0.0007716054055682389,0.000518074173891553
717,V3@50M|layer_2,0.0014351665674920467,0.0015901643757552212
718,V3@50M|layer_2,0.003583152623316693,0.0027175654237217694
719,V3@50M|layer_2,0.00048293790531330166,0.00015014601771792075
720,V3@50M|layer_3,0.00038678805871573285,0.00036169557369668763
721,V3@50M|layer_3,0.0027460283432636104,0.0036794199476458817
722,V3@50M|layer_3,0.0010716216299412316,0.001733883492408496
723,V3@50M|layer_4,0.0003789713372647084,0.00034959666035027
724,V3@50M|layer_4,0.002250917742963914,0.0026655167426710277
725,V3@50M|layer_4,0.0007826930352741157,0.0010844598853278506
726,V3@50M|layer_5,0.000492383674314271,0.0005590622011156526
727,V3@50M|layer_5,0.002199297082478571,0.002563819310965203
728,V3@50M|layer_5,0.0006104330748679302,0.0007284425654789416
729,V3@50M|layer_6,0.0004245933243151173,0.0004332898812765511
730,V3@50M|layer_6,0.0015668528506435672,0.0014029879732907404
731,V3@50M|layer_6,0.0003601580206862762,0.0002769183804503401
732,V3@50M|final,0.00038982136533834323,0.00037120877578211773
733,V3@50M|final,0.0014462794023315745,0.0012017629432818722
734,V3@50M|final,0.00033438093857047135,0.0002371499480840762
735,V3@75M|layer_1,0.006886352981399088,0.005827343321411633
736,V3@75M|layer_1,0.028510081566772007,0.02532003497066062
737,V3@75M|layer_1,0.007372838405115413,0.006853466570475173
738,V3@75M|layer_2,0.0008449644643800412,0.0005716576454249191
739,V3@75M|layer_2,0.003036824268899316,0.0018995170111260236
740,V3@75M|layer_2,0.0006780355643933153,0.00038706964765634157
741,V3@75M|layer_3,0.0007069824163039148,0.0003773938940163203
742,V3@75M|layer_3,0.0028792173663199218,0.0016784184358145905
743,V3@75M|layer_3,0.0007327414943672373,0.000464052461910051
744,V3@75M|layer_4,0.0008353347551502032,0.0012854758029893117
745,V3@75M|layer_4,0.002842647103154488,0.0038825051138089853
746,V3@75M|layer_4,0.0005960591325427434,0.0006999315084843233
747,V3@75M|layer_5,0.0009861168332999798,0.0016346027037611652
748,V3@75M|layer_5,0.002972937937602404,0.004164100461278293
749,V3@75M|layer_5,0.0005346341515123783,0.0005807917542396862
750,V3@75M|layer_6,0.0008649876326393242,0.0013522219897956576
751,V3@75M|layer_6,0.0026385327470781015,0.0034519826815240027
752,V3@75M|layer_6,0.0004820649724433618,0.000483164569515218
753,V3@75M|final,0.0008142278539657935,0.0012370468928909772
754,V3@75M|final,0.0024966409305787894,0.0031588936706309903
755,V3@75M|final,0.0004593186187376895,0.00044236011019764293
