checkpoint,variant,tokens_m,layer_ord,gate_c,path_up_norm_c,path_down_norm_c,next_effect_c
V2@100M,V2,100,1,-0.0019644945859909058,-0.15591295560201002,-0.20920399824778224,-0.05871638600473045
V2@100M,V2,100,2,0.0007139593362808228,-0.04337473710378004,-0.009155790011087905,-0.010783104432953716
V2@100M,V2,100,3,-0.01026277244091034,-0.03129680951436353,-0.035762349764505874,0.00472589761570652
V2@100M,V2,100,4,-0.027107641100883484,-0.13673909505208326,-0.13210300604502345,0.028537683050941565
V2@100M,V2,100,5,0.02714620530605316,0.10761324564615893,0.11769862969716405,0.08689183051939359
V2@110M,V2,110,1,-0.0032944877942402973,-0.16568092505137133,-0.22286792596181249,-0.059223816258671846
V2@110M,V2,110,2,-0.0010210176308949603,-0.04597608248392748,-0.011876781781514634,0.0014872137273167496
V2@110M,V2,110,3,-0.00924899180730182,-0.027372638384501213,-0.05057378609975194,0.014185656919891432
V2@110M,V2,110,4,-0.028438528378804506,-0.13761464754740405,-0.13582368691762303,0.03794680324233607
V2@110M,V2,110,5,0.028031865755716978,0.10835345586140943,0.12271551291147853,0.0677821021757008
V2@120M,V2,120,1,-0.004756604631741823,-0.18034122387568163,-0.23338278134663915,-0.05565350364755706
V2@120M,V2,120,2,-0.001677965124448122,-0.026666740576426262,0.008961836496988784,-0.007830050670438293
V2@120M,V2,120,3,-0.008580600221951784,-0.03497467438379931,-0.06940086682637547,0.008462872080228945
V2@120M,V2,120,4,-0.028416847189267458,-0.13115225235621142,-0.13298590977986668,0.04798123916542091
V2@120M,V2,120,5,0.02961068848768872,0.11437465747197462,0.14014975229899074,0.07278197189724006
V2@25M,V2,25,1,0.003586719433466584,-0.09282908837000536,-0.08656624952952052,-0.006749624788853104
V2@25M,V2,25,2,-0.001719613869984954,-0.16253290573755907,-0.17797545591990138,0.009613243460563248
V2@25M,V2,25,3,-0.013094594081242888,-0.15944419304529833,-0.1847539345423379,0.00850184904526416
V2@25M,V2,25,4,-0.00941734512646994,-0.1408084432284038,-0.056116143862406265,0.019519174689955926
V2@25M,V2,25,5,0.021450231472651154,0.2815672357877095,0.4534608920415244,0.005138876548979793
V2@50M,V2,50,1,0.005040784676869692,-0.09546045462290453,-0.1348652044932046,-0.028171899785966015
V2@50M,V2,50,2,0.0038802524407704486,-0.09170381228129076,-0.11676613489786769,-0.009241532695330235
V2@50M,V2,50,3,-0.013875345389048277,-0.08655409018198656,-0.07365647951761867,-0.0054997239767768935
V2@50M,V2,50,4,-0.01954341928164166,-0.1450934807459514,-0.0712508360544839,0.020753807123796486
V2@50M,V2,50,5,0.023452301820119204,0.15025909741719556,0.23927315076192235,0.017282929662385094
V2@75M,V2,75,1,0.000857621431350708,-0.13127674659093214,-0.20109613736470555,-0.0344658756720615
V2@75M,V2,75,2,0.004080593585968018,-0.06929900248845411,-0.06837089856465672,-0.00762909166744824
V2@75M,V2,75,3,-0.01299312710762024,-0.05669583876927686,-0.04312451680501317,0.0069314694767932394
V2@75M,V2,75,4,-0.024435818195343018,-0.13204540808995557,-0.07471879323323583,0.01801796417315432
V2@75M,V2,75,5,0.025937527418136597,0.12079499165217089,0.15335170427958156,0.045398638974645245
V3@100M,V3,100,1,0.010604267319043459,-0.1373077630996704,-0.188833793004354,-0.03644897874996611
V3@100M,V3,100,2,-0.021503950158755003,-0.14192771911621094,-0.1384812196095786,-0.010482938373806316
V3@100M,V3,100,3,-0.003465409080187498,-0.004021883010864258,0.0749136606852212,0.008478463627397959
V3@100M,V3,100,4,-0.023007954160372435,-0.15084946155548096,-0.09532173474629735,0.04525784675583794
V3@100M,V3,100,5,0.020879064997037233,0.05248284339904785,0.16995302836100246,0.01738354436087386
V3@110M,V3,110,1,0.008520354827245058,-0.12492100397745776,-0.1767646074295044,-0.02803491216934756
V3@110M,V3,110,2,-0.020761708418528257,-0.11711768309275317,-0.12041652202606201,-0.004334720150556082
V3@110M,V3,110,3,-0.0026767055193583356,-0.011915961901346916,0.07183992862701416,0.02182052675404672
V3@110M,V3,110,4,-0.02613688508669537,-0.16782323519388842,-0.1276019811630249,0.045895843640153755
V3@110M,V3,110,5,0.02279465397198993,0.049389322598775154,0.15820133686065674,-0.008940621336669119
V3@120M,V3,120,1,0.0075501998265584125,-0.12878294785817457,-0.18718882401784276,-0.03446607865439161
V3@120M,V3,120,2,-0.020633618036905943,-0.09681828816731763,-0.07605214913686131,-0.00401550366968656
V3@120M,V3,120,3,-0.003513256708780943,-0.0203972657521565,0.05846385161081935,0.026079419712869478
V3@120M,V3,120,4,-0.02551699678103131,-0.16876490910847974,-0.1279160579045615,0.03469286761304108
V3@120M,V3,120,5,0.02178074916203815,0.03236798445383715,0.1309979359308877,0.007914665936963772
V3@25M,V3,25,1,0.008528729279836028,-0.012428899606068855,-0.017385244369506836,-0.002018606008524909
V3@25M,V3,25,2,-0.003477493921915681,-0.15821375449498487,-0.17062783241271973,0.0016742226621710432
V3@25M,V3,25,3,-0.0015113751093546457,-0.0175322492917378,0.020847558975219727,0.0004233726254307957
V3@25M,V3,25,4,-0.013033921519915254,-0.15026368697484327,-0.035860538482666016,0.01903553866424862
V3@25M,V3,25,5,0.012789597113927215,0.126188615957896,0.26970815658569336,0.0024479024721608122
V3@50M,V3,50,1,0.015003308653831482,-0.06799344221750903,-0.09462324778238917,0.011896432699336656
V3@50M,V3,50,2,-0.010504677891731262,-0.14964441458384203,-0.19753829638163234,0.01609474745935502
V3@50M,V3,50,3,-0.0019291490316390991,-0.0036664406458537524,0.06569536526997899,-0.008088088824333206
V3@50M,V3,50,4,-0.02041180431842804,-0.15617195765177416,-0.04505268732706691,0.011946209131475594
V3@50M,V3,50,5,0.016938701272010803,0.10452993710835767,0.22951253255208348,-0.0324101163028383
V3@75M,V3,75,1,0.014803354938824953,-0.12829242149988818,-0.18894056479136134,-0.017469750832260378
V3@75M,V3,75,2,-0.021813894311587034,-0.17628763119379687,-0.19477204481760646,-0.0002483946765646228
V3@75M,V3,75,3,-0.0021553883949915753,-0.005285004774729485,0.08056255181630467,0.0052649902616754285
V3@75M,V3,75,4,-0.0208759258190791,-0.1397422353426616,-0.06204084555308009,0.02649792375755894
V3@75M,V3,75,5,0.019964282711346926,0.07281949122746778,0.20769258340199803,-0.02149594248628911
V4@100M,V4,100,1,0.0009208967288334979,-0.08523307243982958,0.05260135730107618,-0.06534824043190401
V4@100M,V4,100,2,0.017391746242841066,-0.2672622005144756,-0.1482608119646709,0.05160931616239711
V4@100M,V4,100,3,-0.04266029099623364,-0.15503631035486864,-0.045520762602488274,0.009096180203796156
V4@100M,V4,100,4,-0.006119276086489378,0.20348419745763136,0.02181818087895704,0.07239628177320151
V4@100M,V4,100,5,0.06976181765397388,0.35205497344334913,0.2615857323010762,0.0887584698122042
V4@110M,V4,110,1,0.0007678220669428693,-0.09570634365081787,0.05624709526697802,-0.05222225729606028
V4@110M,V4,110,2,0.017668957511583983,-0.2620803117752075,-0.13935639460881544,0.05789422448494552
V4@110M,V4,110,3,-0.04861942430337268,-0.17101502418518066,-0.05087258418401075,-0.01305569669254758
V4@110M,V4,110,4,-0.0014767100413640155,0.20719420909881592,0.017569760481516594,0.06379165649873986
V4@110M,V4,110,5,0.06851475934187573,0.32853829860687256,0.24699149529139208,0.08295525511565771
V4@120M,V4,120,1,-0.00027797619501751525,-0.10678420464197802,0.059398631254832024,-0.04988543158052139
V4@120M,V4,120,2,0.020057340463002504,-0.23635480801264452,-0.10900749762852979,0.0646057060609262
V4@120M,V4,120,3,-0.05325643221537274,-0.18195639053980517,-0.06403829654057813,0.01889516999600116
V4@120M,V4,120,4,0.0016465087731679096,0.19659866889317823,0.016256193319956536,0.07083165210982167
V4@120M,V4,120,5,0.06723668177922565,0.3118292291959126,0.22858963410059618,0.035137586916486496
V4@25M,V4,25,1,-0.0024191737174987793,0.035102128982543945,0.15951855977376295,-0.07310674859808733
V4@25M,V4,25,2,-0.0020247995853424072,-0.28386855125427246,-0.3477735916773479,-0.015219802996948528
V4@25M,V4,25,3,0.0012287795543670654,-0.10702347755432129,-0.07754007975260424,0.025723191811760637
V4@25M,V4,25,4,-0.014356404542922974,0.03352761268615723,0.0441474517186482,0.06156965014582247
V4@25M,V4,25,5,0.04483860731124878,0.35730624198913574,0.3832428057988484,0.05183989293068464
V4@50M,V4,50,1,0.0025990307331085205,0.016875068346659416,0.11844946940739942,-0.08875588237963342
V4@50M,V4,50,2,-0.0011747777462005615,-0.32539876302083326,-0.3066954414049785,-0.007522859714097441
V4@50M,V4,50,3,-0.010948210954666138,-0.13180621465047193,-0.06514964501063036,0.019842986500373583
V4@50M,V4,50,4,-0.01818239688873291,0.18683485190073656,0.05859233935674024,0.08168768379147401
V4@50M,V4,50,5,0.0683731734752655,0.4348067442576091,0.39811756213506055,0.0716655794531107
V4@75M,V4,75,1,0.0038575182358424054,-0.035270750522613525,0.08327380816141772,-0.07429191212595254
V4@75M,V4,75,2,0.01180701951185864,-0.28815144300460815,-0.21590526898701978,0.021343516622796432
V4@75M,V4,75,3,-0.028188621004422487,-0.1508675217628479,-0.05651291211446119,0.033736386048940914
V4@75M,V4,75,4,-0.014257018764813723,0.2229880690574646,0.058992067972819084,0.08766890602347294
V4@75M,V4,75,5,0.07013397912184399,0.3907312750816345,0.3139751354853313,0.05830595403173816
V5@100M,V5,100,1,0.00178829332192737,-0.19311644633611058,0.01772749423980713,-0.15926667937525996
V5@100M,V5,100,2,-0.002760077516237913,0.13425479332605983,-0.03307902812957764,0.03762992940567156
V5@100M,V5,100,3,0.03697971006234485,0.2466143170992532,-0.09053075313568115,0.06521011226707041
V5@100M,V5,100,4,0.010116373499234499,-0.25738610823949193,0.1720033884048462,0.14874235402654723
V5@100M,V5,100,5,-0.003847206632296263,-0.027634998162587632,0.04150855541229248,0.04853908800416529
V5@110M,V5,110,1,-0.0032864809036254883,-0.1988256573677063,0.010532538096109878,-0.1908072274822144
V5@110M,V5,110,2,-0.0024496912956237793,0.14024966955184937,-0.03195651372273778,0.05531229228241197
V5@110M,V5,110,3,0.04263010621070862,0.2713605761528015,-0.06646283467610692,0.07747259250853533
V5@110M,V5,110,4,0.012183517217636108,-0.28055495023727417,0.19963447252909328,0.19690577918088736
V5@110M,V5,110,5,-0.0033943355083465576,-0.006702005863189697,0.010859648386637222,0.03781743331547871
V5@120M,V5,120,1,-0.008255382378896114,-0.1939900120099387,-0.005823691685994614,-0.2370282538051222
V5@120M,V5,120,2,-0.004281600316365597,0.11011979977289821,-0.045885642369588364,0.04333164837257375
V5@120M,V5,120,3,0.048547665278116825,0.3043904105822244,-0.028216441472371567,0.07884281202230925
V5@120M,V5,120,4,0.013423065344492557,-0.2770985563596091,0.22700921694437648,0.22748825386350535
V5@120M,V5,120,5,-0.0018463929494222375,0.01027725140253688,0.007932345072428237,0.08173466630188031
V5@25M,V5,25,1,0.03829137980937958,0.244555155436198,0.4005027016003928,0.019331778054712007
V5@25M,V5,25,2,-0.03265240788459778,-0.4349553187688191,-0.5455037156740823,-0.00575461925041898
V5@25M,V5,25,3,-0.011463925242424011,-0.07266052563985181,-0.17671726147333766,-0.005458472469062697
V5@25M,V5,25,4,-0.003539726138114929,-0.04032512505849195,-0.04884336392084743,0.006659423621992261
V5@25M,V5,25,5,0.007584065198898315,0.01584879557291674,0.13869430621465062,-0.006136761874788371
V5@50M,V5,50,1,0.03553916017214459,0.023128926753997803,0.21786268552144383,0.02492167237272236
V5@50M,V5,50,2,-0.021729191144307436,-0.021734774112701416,-0.20476023356119777,-0.03379376133742895
V5@50M,V5,50,3,0.014068822065989195,0.16972917318344116,-0.09490839640299464,-0.02317294986619628
V5@50M,V5,50,4,-0.013151337703069033,-0.21653074026107788,-0.002423683802286636,0.027851366909381725
V5@50M,V5,50,5,0.003944257895151793,-0.03599005937576294,0.09916861852010106,0.0161267555100314
V5@75M,V5,75,1,0.01969626545906067,-0.11963746945063258,0.11774186293284084,-0.06138007851018579
V5@75M,V5,75,2,-0.009098976850509644,0.11012281974156712,-0.08630867799123143,0.0008749470896559641
V5@75M,V5,75,3,0.02679869532585144,0.20889510711034154,-0.12207361062367772,0.04057482342569185
V5@75M,V5,75,4,-0.0017100870609283447,-0.23086510101954127,0.0995488564173379,0.0953361735805685
V5@75M,V5,75,5,-0.002061694860458374,-0.06627879540125514,0.03858260313669826,0.0031433216077678128
V6@100M,V6,100,1,0.00918374458948773,0.016158600648244148,0.12276724974314379,-0.055717248032674416
V6@100M,V6,100,2,0.009028385082880674,-0.0772330562273662,0.0541576544443767,-0.018659975218736136
V6@100M,V6,100,3,-0.023578365643819155,-0.24479220310846972,-0.3053711255391438,0.01069025752812991
V6@100M,V6,100,4,-0.01089992125829059,-0.053057173887888665,-0.09121902783711744,0.08889979333329345
V6@100M,V6,100,5,0.029015223185221373,0.1715600689252217,0.1908616224924724,0.0371100570270676
V6@110M,V6,110,1,0.004850223660469055,-0.009963154792785645,0.09851157665252686,-0.058218045137178764
V6@110M,V6,110,2,0.00901930034160614,-0.08486747741699219,0.0596848726272583,-0.01919146962923768
V6@110M,V6,110,3,-0.025818154215812683,-0.2386418581008911,-0.2829747200012207,0.020133450029440836
V6@110M,V6,110,4,-0.010583057999610901,-0.054843783378601074,-0.09466803073883057,0.09297777045472166
V6@110M,V6,110,5,0.030291542410850525,0.16866862773895264,0.1935199499130249,0.04104083840861733
V6@120M,V6,120,1,0.0018096665541331158,-0.023999611536661858,0.09912109375,-0.059583825530645285
V6@120M,V6,120,2,0.008618096510569273,-0.09028796354929614,0.05831491947174072,-0.030035567527383955
V6@120M,V6,120,3,-0.027682830890019716,-0.23405257860819506,-0.27035319805145264,0.004921918918873003
V6@120M,V6,120,4,-0.008193155129750551,-0.03833548227945971,-0.08427131175994873,0.09416045260006256
V6@120M,V6,120,5,0.029014656941096006,0.1433302958806355,0.17620480060577393,0.05728224841992796
V6@25M,V6,25,1,0.031106052299340575,0.22981874148050951,0.3345421155293782,-0.04604274694474389
V6@25M,V6,25,2,0.0027163599928220206,-0.0695228179295857,-0.006016055742899651,-0.009571954998889076
V6@25M,V6,25,3,-0.010261329511801393,-0.23754938443501783,-0.344486157099406,0.019445254524916827
V6@25M,V6,25,4,-0.010849314431349427,-0.10862131913503004,-0.1031538645426433,0.04678878611252632
V6@25M,V6,25,5,0.002646264930566161,0.07277325789133715,0.10989328225453687,0.03761820490529508
V6@50M,V6,50,1,0.03174684445063275,0.1818676988283794,0.2653827667236328,-0.040708645741328764
V6@50M,V6,50,2,-0.0014597674210866107,-0.12789287169774366,-0.022690653800964355,0.004005570815485193
V6@50M,V6,50,3,-0.011622418959935488,-0.21620621283849073,-0.3486783504486084,-0.007419929989142149
V6@50M,V6,50,4,-0.0124272306760152,-0.09310140212376905,-0.09271562099456787,0.03559352473620275
V6@50M,V6,50,5,0.01484448711077374,0.1497254172960918,0.1721343994140625,0.02631996546722498
V6@75M,V6,75,1,0.022224058707555117,0.10313073794047045,0.19877314567565918,-0.03523983824768179
V6@75M,V6,75,2,0.0046752889951069965,-0.08151586850484205,0.028739452362060547,-0.0036261193914177703
V6@75M,V6,75,3,-0.016201148430506407,-0.23215576012929273,-0.33171236515045166,0.00989651771975153
V6@75M,V6,75,4,-0.012632379929224669,-0.0745586951573689,-0.09720408916473389,0.06957085177670297
V6@75M,V6,75,5,0.023728479941685976,0.15968076388041186,0.18071937561035156,5.418871655882285e-05
V7@100M,V7,100,1,0.013684039314587892,-0.002080698808034187,0.08730379740397143,-0.01784053408069386
V7@100M,V7,100,2,0.014943455656369509,0.07645831505457568,0.21322194735209155,0.03469145776313021
V7@100M,V7,100,3,-0.025536144773165403,-0.23181404670079542,-0.25654264291127515,0.04062740762292605
V7@100M,V7,100,4,-0.014475936690966307,-0.09297420581181837,-0.09608658154805494,0.04637613515427075
V7@100M,V7,100,5,0.010504787166913332,0.0839389363924663,0.08391217390696215,-0.021457215058214962
V7@110M,V7,110,1,0.0099954754114151,-0.02659783760706591,0.08758600552876783,-0.0025915594794499452
V7@110M,V7,110,2,0.014716014266014099,0.0727380712827046,0.21738465627034498,0.029185990745454637
V7@110M,V7,110,3,-0.02807442843914032,-0.22916112343470263,-0.2558446327845256,0.03375326011927776
V7@110M,V7,110,4,-0.012364193797111511,-0.08494661251703906,-0.09826664129892992,0.0359849672948504
V7@110M,V7,110,5,0.01279456913471222,0.08868779738744093,0.08888800938924146,-0.02293686295089159
V7@120M,V7,120,1,0.0077321628729502545,-0.04254859685897827,0.08444782098134351,0.011329317948332529
V7@120M,V7,120,2,0.016073564688364683,0.07416671514511108,0.2240023215611775,0.03728929037849099
V7@120M,V7,120,3,-0.031051655610402407,-0.20739513635635376,-0.2503583828608196,0.015513901771218586
V7@120M,V7,120,4,-0.011810829242070497,-0.08752673864364624,-0.11034945646921801,0.0360167105164792
V7@120M,V7,120,5,0.015356759230295836,0.09319907426834106,0.09058161576588941,-0.016116706723416252
V7@25M,V7,25,1,0.0334339514374733,0.2261334458986919,0.34601042668024706,-0.03636737302359605
V7@25M,V7,25,2,0.01389167457818985,-0.006848235925038582,0.11929545799891161,0.005883999479313673
V7@25M,V7,25,3,-0.019989527761936188,-0.30309357245763136,-0.2965423067410786,0.02426022004888012
V7@25M,V7,25,4,-0.014261998236179352,-0.1708746155103047,-0.15356256564458204,0.036965450651391785
V7@25M,V7,25,5,-0.00427863746881485,-0.01805712779362989,0.02633092800776171,0.01726056611234389
V7@50M,V7,50,1,0.03493166466554004,0.17993191878000903,0.2371808886528015,-0.01949927447662675
V7@50M,V7,50,2,0.007579808433850588,-0.015898187955220466,0.15665942430496216,0.02363763360973492
V7@50M,V7,50,3,-0.014323318998018919,-0.2561082442601521,-0.2573363184928894,0.02262726879138266
V7@50M,V7,50,4,-0.01819747189680737,-0.14610071976979566,-0.13930028676986694,0.03527460451939224
V7@50M,V7,50,5,0.0019116749366124286,0.05758098761240649,0.0612604022026062,-0.029603619151461258
V7@75M,V7,75,1,0.02327864865461987,0.07101835807164503,0.12268960475921631,-0.036247641951949516
V7@75M,V7,75,2,0.009864831964174925,0.06270792086919141,0.20872080326080322,0.018551360125894922
V7@75M,V7,75,3,-0.018224691351254763,-0.24503288666407275,-0.2603929042816162,0.033744342073246336
V7@75M,V7,75,4,-0.01728722949822742,-0.11671755711237597,-0.1096564531326294,0.06715763581019868
V7@75M,V7,75,5,0.008451218406359373,0.07778527339299512,0.08875775337219238,-0.006845539090809982
