variant,tokens_m,checkpoint,layer,layer_ord,A_vector_norm,gate,path_up_norm,path_down_norm,A_effect_magnitude,gate_c,path_up_norm_c,path_down_norm_c,A_effect_magnitude_c
V5,100,V5@100M,layer_1,1,0.4099612534046173,0.48474425077438354,1.9704149961471558,2.7618086338043213,0.35875385916895336,0.00178829332192737,-0.19311644633611058,0.01772749423980713,-0.14085480432819436
V5,100,V5@100M,layer_2,2,0.4099612534046173,0.48019587993621826,2.297786235809326,2.7110021114349365,0.34034198412188776,-0.002760077516237913,0.13425479332605983,-0.03307902812957764,-0.15926667937525996
V5,100,V5@100M,layer_3,3,0.4099612534046173,0.519935667514801,2.4101457595825195,2.653550386428833,0.5372385929028193,0.03697971006234485,0.2466143170992532,-0.09053075313568115,0.03762992940567156
V5,100,V5@100M,layer_4,4,0.4099612534046173,0.4930723309516907,1.9061453342437744,2.9160845279693604,0.5648187757642181,0.010116373499234499,-0.25738610823949193,0.1720033884048462,0.06521011226707041
V5,100,V5@100M,layer_5,5,0.4099612534046173,0.4791087508201599,2.1358964443206787,2.7855896949768066,0.648351017523695,-0.003847206632296263,-0.027634998162587632,0.04150855541229248,0.14874235402654723
V5,100,V5@100M,layer_6,6,0.4099612534046173,0.4406788647174835,2.2607998847961426,2.636451482772827,0.548147751501313,-0.042277092734972654,0.09726844231287624,-0.10762965679168701,0.04853908800416529
V5,110,V5@110M,layer_1,1,0.4074765741825104,0.4980691373348236,1.9877989292144775,2.77032208442688,0.35046813085123346,-0.0032864809036254883,-0.1988256573677063,0.010532538096109878,-0.17670086980509908
V5,110,V5@110M,layer_2,2,0.4074765741825104,0.4989059269428253,2.326874256134033,2.7278330326080322,0.33636177317411814,-0.0024496912956237793,0.14024966955184937,-0.03195651372273778,-0.1908072274822144
V5,110,V5@110M,layer_3,3,0.4074765741825104,0.5439857244491577,2.4579851627349854,2.693326711654663,0.5824812929387445,0.04263010621070862,0.2713605761528015,-0.06646283467610692,0.05531229228241197
V5,110,V5@110M,layer_4,4,0.4074765741825104,0.5135391354560852,1.9060696363449097,2.9594240188598633,0.6046415931648679,0.012183517217636108,-0.28055495023727417,0.19963447252909328,0.07747259250853533
V5,110,V5@110M,layer_5,5,0.4074765741825104,0.49796128273010254,2.179922580718994,2.7706491947174072,0.7240747798372199,-0.0033943355083465576,-0.006702005863189697,0.010859648386637222,0.19690577918088736
V5,110,V5@110M,layer_6,6,0.4074765741825104,0.4556725025177002,2.261096954345703,2.6371822357177734,0.5649864339718113,-0.0456831157207489,0.07447236776351929,-0.12260731061299657,0.03781743331547871
V5,120,V5@120M,layer_1,1,0.4171561002731323,0.5073704123497009,1.9930922985076904,2.7625844478607178,0.35109836649563575,-0.008255382378896114,-0.1939900120099387,-0.005823691685994614,-0.19436912675514628
V5,120,V5@120M,layer_2,2,0.4171561002731323,0.5113441944122314,2.2972021102905273,2.722522497177124,0.3084392394456598,-0.004281600316365597,0.11011979977289821,-0.045885642369588364,-0.2370282538051222
V5,120,V5@120M,layer_3,3,0.4171561002731323,0.5641734600067139,2.4914727210998535,2.740191698074341,0.5887991416233558,0.048547665278116825,0.3043904105822244,-0.028216441472371567,0.04333164837257375
V5,120,V5@120M,layer_4,4,0.4171561002731323,0.5290488600730896,1.90998375415802,2.995417356491089,0.6243103052730913,0.013423065344492557,-0.2770985563596091,0.22700921694437648,0.07884281202230925
V5,120,V5@120M,layer_5,5,0.4171561002731323,0.5137794017791748,2.197359561920166,2.7763404846191406,0.7729557471142874,-0.0018463929494222375,0.01027725140253688,0.007932345072428237,0.22748825386350535
V5,120,V5@120M,layer_6,6,0.4171561002731323,0.4680384397506714,2.2333834171295166,2.6133923530578613,0.6272021595526623,-0.047587354977925655,0.046301106611887466,-0.15501578648885106,0.08173466630188031
V5,25,V5@25M,layer_1,1,0.46323686838150024,0.26834985613822937,1.6905970573425293,2.6891188621520996,0.15316331724601764,0.03829137980937958,0.244555155436198,0.4005027016003928,-0.008641348082434247
V5,25,V5@25M,layer_2,2,0.46323686838150024,0.19740606844425201,1.0110865831375122,1.7431124448776245,0.1811364433831639,-0.03265240788459778,-0.4349553187688191,-0.5455037156740823,0.019331778054712007
V5,25,V5@25M,layer_3,3,0.46323686838150024,0.21859455108642578,1.3733813762664795,2.111898899078369,0.1560500460780329,-0.011463925242424011,-0.07266052563985181,-0.17671726147333766,-0.00575461925041898
V5,25,V5@25M,layer_4,4,0.46323686838150024,0.22651875019073486,1.4057167768478394,2.2397727966308594,0.1563461928593892,-0.003539726138114929,-0.04032512505849195,-0.04884336392084743,-0.005458472469062697
V5,25,V5@25M,layer_5,5,0.46323686838150024,0.2376425415277481,1.461890697479248,2.4273104667663574,0.16846408895044415,0.007584065198898315,0.01584879557291674,0.13869430621465062,0.006659423621992261
V5,25,V5@25M,layer_6,6,0.46323686838150024,0.23183909058570862,1.7335789203643799,2.5204834938049316,0.15566790345366352,0.0017806142568588257,0.2875370184580486,0.23186733325322484,-0.006136761874788371
V5,50,V5@50M,layer_1,1,0.4391373097896576,0.37774068117141724,1.9541325569152832,2.840559720993042,0.285793846404111,0.03553916017214459,0.023128926753997803,0.21786268552144383,-0.011933083588510363
V5,50,V5@50M,layer_2,2,0.4391373097896576,0.3204723298549652,1.909268856048584,2.4179368019104004,0.3226486023653437,-0.021729191144307436,-0.021734774112701416,-0.20476023356119777,0.02492167237272236
V5,50,V5@50M,layer_3,3,0.4391373097896576,0.35627034306526184,2.1007328033447266,2.5277886390686035,0.2639331686551924,0.014068822065989195,0.16972917318344116,-0.09490839640299464,-0.03379376133742895
V5,50,V5@50M,layer_4,4,0.4391373097896576,0.3290501832962036,1.7144728899002075,2.6202733516693115,0.27455398012642507,-0.013151337703069033,-0.21653074026107788,-0.002423683802286636,-0.02317294986619628
V5,50,V5@50M,layer_5,5,0.4391373097896576,0.34614577889442444,1.8950135707855225,2.721865653991699,0.3255782969020031,0.003944257895151793,-0.03599005937576294,0.09916861852010106,0.027851366909381725
V5,50,V5@50M,layer_6,6,0.4391373097896576,0.32352980971336365,2.0124011039733887,2.607758045196533,0.31385368550265275,-0.018671711285909,0.08139747381210327,-0.014938990275064956,0.0161267555100314
V5,75,V5@75M,layer_1,1,0.4346364736557007,0.44482237100601196,1.9813534021377563,2.8079566955566406,0.3399964517189397,0.01969626545906067,-0.11963746945063258,0.11774186293284084,-0.07854918719349813
V5,75,V5@75M,layer_2,2,0.4346364736557007,0.41602712869644165,2.211113691329956,2.6039061546325684,0.35716556040225206,-0.009098976850509644,0.11012281974156712,-0.08630867799123143,-0.06138007851018579
V5,75,V5@75M,layer_3,3,0.4346364736557007,0.45192480087280273,2.3098859786987305,2.568141222000122,0.4194205860020938,0.02679869532585144,0.20889510711034154,-0.12207361062367772,0.0008749470896559641
V5,75,V5@75M,layer_4,4,0.4346364736557007,0.42341601848602295,1.8701257705688477,2.7897636890411377,0.4591204623381297,-0.0017100870609283447,-0.23086510101954127,0.0995488564173379,0.04057482342569185
V5,75,V5@75M,layer_5,5,0.4346364736557007,0.4230644106864929,2.034712076187134,2.728797435760498,0.5138818124930064,-0.002061694860458374,-0.06627879540125514,0.03858260313669826,0.0953361735805685
V5,75,V5@75M,layer_6,6,0.4346364736557007,0.39150190353393555,2.19875431060791,2.642723798751831,0.42168896052020566,-0.03362420201301575,0.09776343901952123,-0.047491033871968735,0.0031433216077678128
V4,100,V4@100M,layer_1,1,0.743522584438324,0.4721895456314087,1.75480055809021,1.9278810024261475,0.3373365077293582,0.0009208967288334979,-0.08523307243982958,0.05260135730107618,-0.15651200751969468
V4,100,V4@100M,layer_2,2,0.743522584438324,0.48866039514541626,1.572771430015564,1.7270188331604004,0.42850027481714886,0.017391746242841066,-0.2672622005144756,-0.1482608119646709,-0.06534824043190401
V4,100,V4@100M,layer_3,3,0.743522584438324,0.42860835790634155,1.684997320175171,1.829758882522583,0.54545783141145,-0.04266029099623364,-0.15503631035486864,-0.045520762602488274,0.05160931616239711
V4,100,V4@100M,layer_4,4,0.743522584438324,0.4651493728160858,2.043517827987671,1.8970978260040283,0.502944695452849,-0.006119276086489378,0.20348419745763136,0.02181818087895704,0.009096180203796156
V4,100,V4@100M,layer_5,5,0.743522584438324,0.5410304665565491,2.1920886039733887,2.1368653774261475,0.5662447970222544,0.06976181765397388,0.35205497344334913,0.2615857323010762,0.07239628177320151
V4,100,V4@100M,layer_6,6,0.743522584438324,0.43197375535964966,1.7920260429382324,1.7330559492111206,0.5826069850612571,-0.039294893542925535,-0.04800758759180712,-0.14222369591395068,0.0887584698122042
V4,110,V4@110M,layer_1,1,0.7425358891487122,0.4854828715324402,1.7489216327667236,1.9358696937561035,0.36724051736571167,0.0007678220669428693,-0.09570634365081787,0.05624709526697802,-0.1393631821107349
V4,110,V4@110M,layer_2,2,0.7425358891487122,0.5023840069770813,1.582547664642334,1.74026620388031,0.4543814421803863,0.017668957511583983,-0.2620803117752075,-0.13935639460881544,-0.05222225729606028
V4,110,V4@110M,layer_3,3,0.7425358891487122,0.43609562516212463,1.6736129522323608,1.8287500143051147,0.5644979239613921,-0.04861942430337268,-0.17101502418518066,-0.05087258418401075,0.05789422448494552
V4,110,V4@110M,layer_4,4,0.7425358891487122,0.4832383394241333,2.0518221855163574,1.897192358970642,0.493548002783899,-0.0014767100413640155,0.20719420909881592,0.017569760481516594,-0.01305569669254758
V4,110,V4@110M,layer_5,5,0.7425358891487122,0.553229808807373,2.173166275024414,2.1266140937805176,0.5703953559751864,0.06851475934187573,0.32853829860687256,0.24699149529139208,0.06379165649873986
V4,110,V4@110M,layer_6,6,0.7425358891487122,0.44785964488983154,1.837697148323059,1.7490432262420654,0.5895589545921043,-0.03685540457566577,-0.006930828094482422,-0.13057937224706007,0.08295525511565771
V4,120,V4@120M,layer_1,1,0.7419756650924683,0.49603480100631714,1.7353355884552002,1.939916729927063,0.38447332230431064,-0.00027797619501751525,-0.10678420464197802,0.059398631254832024,-0.1395846835027138
V4,120,V4@120M,layer_2,2,0.7419756650924683,0.5163701176643372,1.6057649850845337,1.7715106010437012,0.47417257422650305,0.020057340463002504,-0.23635480801264452,-0.10900749762852979,-0.04988543158052139
V4,120,V4@120M,layer_3,3,0.7419756650924683,0.4430563449859619,1.660163402557373,1.8164798021316528,0.5886637118679506,-0.05325643221537274,-0.18195639053980517,-0.06403829654057813,0.0646057060609262
V4,120,V4@120M,layer_4,4,0.7419756650924683,0.49795928597450256,2.0387184619903564,1.8967742919921875,0.5429531758030256,0.0016465087731679096,0.19659866889317823,0.016256193319956536,0.01889516999600116
V4,120,V4@120M,layer_5,5,0.7419756650924683,0.5635494589805603,2.153949022293091,2.109107732772827,0.5948896579168461,0.06723668177922565,0.3118292291959126,0.22858963410059618,0.07083165210982167
V4,120,V4@120M,layer_6,6,0.7419756650924683,0.46090665459632874,1.8587872982025146,1.7493194341659546,0.5591955927235109,-0.03540612260500592,0.016667505105336433,-0.13119866450627637,0.035137586916486496
V4,25,V4@25M,layer_1,1,0.6554676294326782,0.2530907392501831,1.6533561944961548,1.9723402261734009,0.11335576981030128,-0.0024191737174987793,0.035102128982543945,0.15951855977376295,-0.050806183293231846
V4,25,V4@25M,layer_2,2,0.6554676294326782,0.2534851133823395,1.3343855142593384,1.46504807472229,0.0910552045054458,-0.0020247995853424072,-0.28386855125427246,-0.3477735916773479,-0.07310674859808733
V4,25,V4@25M,layer_3,3,0.6554676294326782,0.25673869252204895,1.5112305879592896,1.7352815866470337,0.1489421501065846,0.0012287795543670654,-0.10702347755432129,-0.07754007975260424,-0.015219802996948528
V4,25,V4@25M,layer_4,4,0.6554676294326782,0.2411535084247589,1.651781678199768,1.8569691181182861,0.18988514491529376,-0.014356404542922974,0.03352761268615723,0.0441474517186482,0.025723191811760637
V4,25,V4@25M,layer_5,5,0.6554676294326782,0.30034852027893066,1.9755603075027466,2.1960644721984863,0.2257316032493556,0.04483860731124878,0.35730624198913574,0.3832428057988484,0.06156965014582247
V4,25,V4@25M,layer_6,6,0.6554676294326782,0.2282429039478302,1.5832101106643677,1.65122652053833,0.21600184603421776,-0.027267009019851685,-0.035043954849243164,-0.16159514586130785,0.05183989293068464
V4,50,V4@50M,layer_1,1,0.7282785773277283,0.35950878262519836,1.8134113550186157,1.983154058456421,0.23829374296797645,0.0025990307331085205,0.016875068346659416,0.11844946940739942,-0.07691750765122751
V4,50,V4@50M,layer_2,2,0.7282785773277283,0.3557349741458893,1.471137523651123,1.558009147644043,0.22645536823957055,-0.0011747777462005615,-0.32539876302083326,-0.3066954414049785,-0.08875588237963342
V4,50,V4@50M,layer_3,3,0.7282785773277283,0.3459615409374237,1.6647300720214844,1.7995549440383911,0.3076883909051065,-0.010948210954666138,-0.13180621465047193,-0.06514964501063036,-0.007522859714097441
V4,50,V4@50M,layer_4,4,0.7282785773277283,0.33872735500335693,1.9833711385726929,1.9232969284057617,0.33505423711957755,-0.01818239688873291,0.18683485190073656,0.05859233935674024,0.019842986500373583
V4,50,V4@50M,layer_5,5,0.7282785773277283,0.42528292536735535,2.2313430309295654,2.262822151184082,0.396898934410678,0.0683731734752655,0.4348067442576091,0.39811756213506055,0.08168768379147401
V4,50,V4@50M,layer_6,6,0.7282785773277283,0.31624293327331543,1.6152245998382568,1.6613903045654297,0.38687683007231466,-0.040666818618774414,-0.18131168683369947,-0.2033142844835918,0.0716655794531107
V4,75,V4@75M,layer_1,1,0.7447312474250793,0.4298461675643921,1.7964451313018799,1.9573959112167358,0.3008639202625663,0.0038575182358424054,-0.035270750522613525,0.08327380816141772,-0.12676285060099624
V4,75,V4@75M,layer_2,2,0.7447312474250793,0.4377956688404083,1.5435644388198853,1.6582168340682983,0.35333485873761,0.01180701951185864,-0.28815144300460815,-0.21590526898701978,-0.07429191212595254
V4,75,V4@75M,layer_3,3,0.7447312474250793,0.3978000283241272,1.6808483600616455,1.817609190940857,0.448970287486359,-0.028188621004422487,-0.1508675217628479,-0.05651291211446119,0.021343516622796432
V4,75,V4@75M,layer_4,4,0.7447312474250793,0.41173163056373596,2.054703950881958,1.9331141710281372,0.46136315691250346,-0.014257018764813723,0.2229880690574646,0.058992067972819084,0.033736386048940914
V4,75,V4@75M,layer_5,5,0.7447312474250793,0.4961226284503937,2.222447156906128,2.1880972385406494,0.5152956768870355,0.07013397912184399,0.3907312750816345,0.3139751354853313,0.08766890602347294
V4,75,V4@75M,layer_6,6,0.7447312474250793,0.38263577222824097,1.6922862529754639,1.6902992725372314,0.4859327248953007,-0.04335287710030872,-0.13942962884902954,-0.18382283051808668,0.05830595403173816
V6,100,V6@100M,layer_1,1,0.722096860408783,0.4700591564178467,1.7888987064361572,1.9843772649765015,0.3202306297090319,0.00918374458948773,0.016158600648244148,0.12276724974314379,-0.06232288463708058
V6,100,V6@100M,layer_2,2,0.722096860408783,0.4699037969112396,1.6955070495605469,1.9157676696777344,0.32683626631343804,0.009028385082880674,-0.0772330562273662,0.0541576544443767,-0.055717248032674416
V6,100,V6@100M,layer_3,3,0.722096860408783,0.4372970461845398,1.5279479026794434,1.5562388896942139,0.3638935391273763,-0.023578365643819155,-0.24479220310846972,-0.3053711255391438,-0.018659975218736136
V6,100,V6@100M,layer_4,4,0.722096860408783,0.44997549057006836,1.7196829319000244,1.7703909873962402,0.39324377187424236,-0.01089992125829059,-0.053057173887888665,-0.09121902783711744,0.01069025752812991
V6,100,V6@100M,layer_5,5,0.722096860408783,0.4898906350135803,1.9443001747131348,2.05247163772583,0.4714533076794059,0.029015223185221373,0.1715600689252217,0.1908616224924724,0.08889979333329345
V6,100,V6@100M,layer_6,6,0.722096860408783,0.44812634587287903,1.9601038694381714,1.8904136419296265,0.41966357137318006,-0.012749065955479921,0.1873637636502583,0.02880362669626879,0.0371100570270676
V6,110,V6@110M,layer_1,1,0.7208833694458008,0.4794664680957794,1.7646775245666504,1.9586024284362793,0.3050251292685668,0.004850223660469055,-0.009963154792785645,0.09851157665252686,-0.07674254412636344
V6,110,V6@110M,layer_2,2,0.7208833694458008,0.4836355447769165,1.6897732019424438,1.9197757244110107,0.32354962825775146,0.00901930034160614,-0.08486747741699219,0.0596848726272583,-0.058218045137178764
V6,110,V6@110M,layer_3,3,0.7208833694458008,0.4487980902194977,1.535998821258545,1.5771161317825317,0.36257620376569255,-0.025818154215812683,-0.2386418581008911,-0.2829747200012207,-0.01919146962923768
V6,110,V6@110M,layer_4,4,0.7208833694458008,0.46403318643569946,1.719796895980835,1.7654228210449219,0.40190112342437107,-0.010583057999610901,-0.054843783378601074,-0.09466803073883057,0.020133450029440836
V6,110,V6@110M,layer_5,5,0.7208833694458008,0.5049077868461609,1.9433093070983887,2.0536108016967773,0.4747454438496519,0.030291542410850525,0.16866862773895264,0.1935199499130249,0.09297777045472166
V6,110,V6@110M,layer_6,6,0.7208833694458008,0.4668563902378082,1.9942883253097534,1.8860172033309937,0.42280851180354756,-0.007759854197502136,0.21964764595031738,0.02592635154724121,0.04104083840861733
V6,120,V6@120M,layer_1,1,0.7230658531188965,0.4876353144645691,1.7498600482940674,1.9507790803909302,0.3093749962195202,0.0018096665541331158,-0.023999611536661858,0.09912109375,-0.06674522688083445
V6,120,V6@120M,layer_2,2,0.7230658531188965,0.49444374442100525,1.683571696281433,1.909972906112671,0.31653639756970936,0.008618096510569273,-0.09028796354929614,0.05831491947174072,-0.059583825530645285
V6,120,V6@120M,layer_3,3,0.7230658531188965,0.45814281702041626,1.5398070812225342,1.5813047885894775,0.3460846555729707,-0.027682830890019716,-0.23405257860819506,-0.27035319805145264,-0.030035567527383955
V6,120,V6@120M,layer_4,4,0.7230658531188965,0.4776324927806854,1.7355241775512695,1.7673866748809814,0.38104214201922765,-0.008193155129750551,-0.03833548227945971,-0.08427131175994873,0.004921918918873003
V6,120,V6@120M,layer_5,5,0.7230658531188965,0.514840304851532,1.9171899557113647,2.027862787246704,0.4702806757004172,0.029014656941096006,0.1433302958806355,0.17620480060577393,0.09416045260006256
V6,120,V6@120M,layer_6,6,0.7230658531188965,0.48225921392440796,2.017204999923706,1.872641682624817,0.4334024715202826,-0.003566433986028017,0.24334534009297681,0.02098369598388672,0.05728224841992796
V6,25,V6@25M,layer_1,1,0.6244184970855713,0.27919742465019226,1.816875696182251,2.1625399589538574,0.1339916740026739,0.031106052299340575,0.22981874148050951,0.3345421155293782,-0.04823754359910515
V6,25,V6@25M,layer_2,2,0.6244184970855713,0.2508077323436737,1.5175341367721558,1.8219817876815796,0.13618647065703515,0.0027163599928220206,-0.0695228179295857,-0.006016055742899651,-0.04604274694474389
V6,25,V6@25M,layer_3,3,0.6244184970855713,0.2378300428390503,1.3495075702667236,1.4835116863250732,0.17265726260288997,-0.010261329511801393,-0.23754938443501783,-0.344486157099406,-0.009571954998889076
V6,25,V6@25M,layer_4,4,0.6244184970855713,0.23724205791950226,1.4784356355667114,1.724843978881836,0.20167447212669587,-0.010849314431349427,-0.10862131913503004,-0.1031538645426433,0.019445254524916827
V6,25,V6@25M,layer_5,5,0.6244184970855713,0.25073763728141785,1.6598302125930786,1.9378911256790161,0.22901800371430536,0.002646264930566161,0.07277325789133715,0.10989328225453687,0.04678878611252632
V6,25,V6@25M,layer_6,6,0.6244184970855713,0.2327333390712738,1.7001584768295288,1.8372185230255127,0.21984742250707412,-0.015358033279577882,0.11310152212778735,0.009220679601033455,0.03761820490529508
V6,50,V6@50M,layer_1,1,0.6829925179481506,0.37704673409461975,1.9118895530700684,2.133336305618286,0.29493506059602453,0.03174684445063275,0.1818676988283794,0.2653827667236328,-0.017790485288441904
V6,50,V6@50M,layer_2,2,0.6829925179481506,0.3438401222229004,1.6021289825439453,1.845262885093689,0.2720169001431377,-0.0014597674210866107,-0.12789287169774366,-0.022690653800964355,-0.040708645741328764
V6,50,V6@50M,layer_3,3,0.6829925179481506,0.3336774706840515,1.5138156414031982,1.519275188446045,0.31673111669995163,-0.011622418959935488,-0.21620621283849073,-0.3486783504486084,0.004005570815485193
V6,50,V6@50M,layer_4,4,0.6829925179481506,0.3328726589679718,1.63692045211792,1.7752379179000854,0.3053056158953243,-0.0124272306760152,-0.09310140212376905,-0.09271562099456787,-0.007419929989142149
V6,50,V6@50M,layer_5,5,0.6829925179481506,0.36014437675476074,1.8797472715377808,2.040087938308716,0.3483190706206692,0.01484448711077374,0.1497254172960918,0.1721343994140625,0.03559352473620275
V6,50,V6@50M,layer_6,6,0.6829925179481506,0.3242179751396179,1.8356292247772217,1.8945209980010986,0.3390455113516914,-0.02108191450436908,0.10560737053553271,0.026567459106445312,0.02631996546722498
V6,75,V6@75M,layer_1,1,0.7145598530769348,0.43638476729393005,1.873612403869629,2.0721447467803955,0.3260909578314534,0.022224058707555117,0.10313073794047045,0.19877314567565918,-0.040655600573913486
V6,75,V6@75M,layer_2,2,0.7145598530769348,0.41883599758148193,1.6889657974243164,1.9021110534667969,0.3315067201576851,0.0046752889951069965,-0.08151586850484205,0.028739452362060547,-0.03523983824768179
V6,75,V6@75M,layer_3,3,0.7145598530769348,0.39795956015586853,1.5383259057998657,1.5416592359542847,0.36312043901394914,-0.016201148430506407,-0.23215576012929273,-0.33171236515045166,-0.0036261193914177703
V6,75,V6@75M,layer_4,4,0.7145598530769348,0.40152832865715027,1.6959229707717896,1.7761675119400024,0.37664307612511844,-0.012632379929224669,-0.0745586951573689,-0.09720408916473389,0.00989651771975153
V6,75,V6@75M,layer_5,5,0.7145598530769348,0.4378891885280609,1.9301624298095703,2.054090976715088,0.4363174101820699,0.023728479941685976,0.15968076388041186,0.18071937561035156,0.06957085177670297
V6,75,V6@75M,layer_6,6,0.7145598530769348,0.3923664093017578,1.8959004878997803,1.8940560817718506,0.36680074712192573,-0.021794299284617125,0.12541882197062182,0.020684480667114258,5.418871655882285e-05
V7,100,V7@100M,layer_1,1,0.2973114252090454,0.46731308102607727,1.7333730459213257,1.8696603775024414,0.4211182906119912,0.013684039314587892,-0.002080698808034187,0.08730379740397143,-0.08239725140141857
V7,100,V7@100M,layer_2,2,0.2973114252090454,0.4685724973678589,1.8119120597839355,1.9955785274505615,0.4856750079327159,0.014943455656369509,0.07645831505457568,0.21322194735209155,-0.01784053408069386
V7,100,V7@100M,layer_3,3,0.2973114252090454,0.428092896938324,1.5036396980285645,1.5258139371871948,0.53820699977654,-0.025536144773165403,-0.23181404670079542,-0.25654264291127515,0.03469145776313021
V7,100,V7@100M,layer_4,4,0.2973114252090454,0.43915310502052307,1.6424795389175415,1.686269998550415,0.5441429496363358,-0.014475936690966307,-0.09297420581181837,-0.09608658154805494,0.04062740762292605
V7,100,V7@100M,layer_5,5,0.2973114252090454,0.4641338288784027,1.8193926811218262,1.8662687540054321,0.5498916771676805,0.010504787166913332,0.0839389363924663,0.08391217390696215,0.04637613515427075
V7,100,V7@100M,layer_6,6,0.2973114252090454,0.45450884103775024,1.9019254446029663,1.7505478858947754,0.4820583269551948,0.0008797993262608661,0.16647169987360644,-0.03180869420369459,-0.021457215058214962
V7,110,V7@110M,layer_1,1,0.29625195264816284,0.4773915708065033,1.718203067779541,1.8789780139923096,0.40638307937317425,0.0099954754114151,-0.02659783760706591,0.08758600552876783,-0.07339579572924126
V7,110,V7@110M,layer_2,2,0.29625195264816284,0.4821121096611023,1.8175389766693115,2.0087766647338867,0.47718731562296557,0.014716014266014099,0.0727380712827046,0.21738465627034498,-0.0025915594794499452
V7,110,V7@110M,layer_3,3,0.29625195264816284,0.4393216669559479,1.5156397819519043,1.5355473756790161,0.5089648658478702,-0.02807442843914032,-0.22916112343470263,-0.2558446327845256,0.029185990745454637
V7,110,V7@110M,layer_4,4,0.29625195264816284,0.4550319015979767,1.6598542928695679,1.6931253671646118,0.5135321352216933,-0.012364193797111511,-0.08494661251703906,-0.09826664129892992,0.03375326011927776
V7,110,V7@110M,layer_5,5,0.29625195264816284,0.4801906645298004,1.8334887027740479,1.8802800178527832,0.5157638423972659,0.01279456913471222,0.08868779738744093,0.08888800938924146,0.0359849672948504
V7,110,V7@110M,layer_6,6,0.29625195264816284,0.4703286588191986,1.9240806102752686,1.7516446113586426,0.4568420121515239,0.0029325634241104126,0.17927970488866163,-0.03974739710489916,-0.02293686295089159
V7,120,V7@120M,layer_1,1,0.29509809613227844,0.48719725012779236,1.7057448625564575,1.881054401397705,0.3878823830573647,0.0077321628729502545,-0.04254859685897827,0.08444782098134351,-0.08403251389110533
V7,120,V7@120M,layer_2,2,0.29509809613227844,0.4955386519432068,1.8224601745605469,2.020608901977539,0.4832442148968026,0.016073564688364683,0.07416671514511108,0.2240023215611775,0.011329317948332529
V7,120,V7@120M,layer_3,3,0.29509809613227844,0.4484134316444397,1.540898323059082,1.546248197555542,0.509204187326961,-0.031051655610402407,-0.20739513635635376,-0.2503583828608196,0.03728929037849099
V7,120,V7@120M,layer_4,4,0.29509809613227844,0.4676542580127716,1.6607667207717896,1.6862571239471436,0.48742879871968864,-0.011810829242070497,-0.08752673864364624,-0.11034945646921801,0.015513901771218586
V7,120,V7@120M,layer_5,5,0.29509809613227844,0.49482184648513794,1.8414925336837769,1.887188196182251,0.5079316074649493,0.015356759230295836,0.09319907426834106,0.09058161576588941,0.0360167105164792
V7,120,V7@120M,layer_6,6,0.29509809613227844,0.48316508531570435,1.918398141860962,1.7582826614379883,0.4557981902250538,0.003699998060862242,0.17010468244552612,-0.038323918978373284,-0.016116706723416252
V7,25,V7@25M,layer_1,1,0.2893711030483246,0.27797824144363403,1.7902960777282715,2.0999038219451904,0.21369800199237132,0.0334339514374733,0.2261334458986919,0.34601042668024706,-0.04800286326833347
V7,25,V7@25M,layer_2,2,0.2893711030483246,0.2584359645843506,1.557314395904541,1.873188853263855,0.22533349223710875,0.01389167457818985,-0.006848235925038582,0.11929545799891161,-0.03636737302359605
V7,25,V7@25M,layer_3,3,0.2893711030483246,0.22455476224422455,1.2610690593719482,1.4573510885238647,0.26758486474001847,-0.019989527761936188,-0.30309357245763136,-0.2965423067410786,0.005883999479313673
V7,25,V7@25M,layer_4,4,0.2893711030483246,0.23028229176998138,1.393288016319275,1.6003308296203613,0.2859610853095849,-0.014261998236179352,-0.1708746155103047,-0.15356256564458204,0.02426022004888012
V7,25,V7@25M,layer_5,5,0.2893711030483246,0.2402656525373459,1.5461055040359497,1.780224323272705,0.2986663159120966,-0.00427863746881485,-0.01805712779362989,0.02633092800776171,0.036965450651391785
V7,25,V7@25M,layer_6,6,0.2893711030483246,0.23574882745742798,1.8369027376174927,1.712361454963684,0.2789614313730487,-0.008795462548732758,0.2727401057879131,-0.041531940301259285,0.01726056611234389
V7,50,V7@50M,layer_1,1,0.29574447870254517,0.3761749565601349,1.8805454969406128,2.0296432971954346,0.3847603367434607,0.03493166466554004,0.17993191878000903,0.2371808886528015,-0.03243661329242187
V7,50,V7@50M,layer_2,2,0.29574447870254517,0.34882310032844543,1.6847153902053833,1.9491218328475952,0.39769767555925584,0.007579808433850588,-0.015898187955220466,0.15665942430496216,-0.01949927447662675
V7,50,V7@50M,layer_3,3,0.29574447870254517,0.3269199728965759,1.4445053339004517,1.5351260900497437,0.4408345836456175,-0.014323318998018919,-0.2561082442601521,-0.2573363184928894,0.02363763360973492
V7,50,V7@50M,layer_4,4,0.29574447870254517,0.3230458199977875,1.554512858390808,1.6531621217727661,0.43982421882726525,-0.01819747189680737,-0.14610071976979566,-0.13930028676986694,0.02262726879138266
V7,50,V7@50M,layer_5,5,0.29574447870254517,0.3431549668312073,1.7581945657730103,1.8537228107452393,0.4524715545552748,0.0019116749366124286,0.05758098761240649,0.0612604022026062,0.03527460451939224
V7,50,V7@50M,layer_6,6,0.29574447870254517,0.32934093475341797,1.881207823753357,1.7339982986450195,0.3875933308844213,-0.011902357141176878,0.18059424559275317,-0.058464109897613525,-0.029603619151461258
V7,75,V7@75M,layer_1,1,0.2981666326522827,0.43108123540878296,1.7955493927001953,1.9017387628555298,0.41874410129255724,0.02327864865461987,0.07101835807164503,0.12268960475921631,-0.07636015696658022
V7,75,V7@75M,layer_2,2,0.2981666326522827,0.417667418718338,1.7872389554977417,1.9877699613571167,0.45885661630718794,0.009864831964174925,0.06270792086919141,0.20872080326080322,-0.036247641951949516
V7,75,V7@75M,layer_3,3,0.2981666326522827,0.3895778954029083,1.4794981479644775,1.5186562538146973,0.5136556183850324,-0.018224691351254763,-0.24503288666407275,-0.2603929042816162,0.018551360125894922
V7,75,V7@75M,layer_4,4,0.2981666326522827,0.39051535725593567,1.6078134775161743,1.669392704963684,0.5288486003323838,-0.01728722949822742,-0.11671755711237597,-0.1096564531326294,0.033744342073246336
V7,75,V7@75M,layer_5,5,0.2981666326522827,0.41625380516052246,1.8023163080215454,1.8678069114685059,0.5622618940693361,0.008451218406359373,0.07778527339299512,0.08875775337219238,0.06715763581019868
V7,75,V7@75M,layer_6,6,0.2981666326522827,0.4017198085784912,1.874769926071167,1.7289303541183472,0.48825871916832747,-0.006082778175671877,0.1502388914426167,-0.05011880397796631,-0.006845539090809982
V2,100,V2@100M,layer_1,1,0.3968673050403595,0.42411482334136963,1.4756289720535278,2.6866416931152344,0.2918059424393707,-0.0019644945859909058,-0.15591295560201002,-0.20920399824778224,-0.0506559207483574
V2,100,V2@100M,layer_2,2,0.3968673050403595,0.42679327726364136,1.5881671905517578,2.8866899013519287,0.28374547718299764,0.0007139593362808228,-0.04337473710378004,-0.009155790011087905,-0.05871638600473045
V2,100,V2@100M,layer_3,3,0.3968673050403595,0.4158165454864502,1.6002451181411743,2.8600833415985107,0.33167875875477437,-0.01026277244091034,-0.03129680951436353,-0.035762349764505874,-0.010783104432953716
V2,100,V2@100M,layer_4,4,0.3968673050403595,0.39897167682647705,1.4948028326034546,2.763742685317993,0.3471877608034346,-0.027107641100883484,-0.13673909505208326,-0.13210300604502345,0.00472589761570652
V2,100,V2@100M,layer_5,5,0.3968673050403595,0.4532255232334137,1.7391551733016968,3.0135443210601807,0.37099954623866965,0.02714620530605316,0.10761324564615893,0.11769862969716405,0.028537683050941565
V2,100,V2@100M,layer_6,6,0.3968673050403595,0.4375540614128113,1.8912522792816162,3.164372205734253,0.4293536937071217,0.011474743485450745,0.25971035162607836,0.2685265143712363,0.08689183051939359
V2,110,V2@110M,layer_1,1,0.3997630774974823,0.43503087759017944,1.4711189270019531,2.6541593074798584,0.28240886779019125,-0.0032944877942402973,-0.16568092505137133,-0.22286792596181249,-0.06217795980657326
V2,110,V2@110M,layer_2,2,0.3997630774974823,0.4373043477535248,1.590823769569397,2.8651504516601562,0.28536301133809266,-0.0010210176308949603,-0.04597608248392748,-0.011876781781514634,-0.059223816258671846
V2,110,V2@110M,layer_3,3,0.3997630774974823,0.4290763735771179,1.6094272136688232,2.826453447341919,0.34607404132408126,-0.00924899180730182,-0.027372638384501213,-0.05057378609975194,0.0014872137273167496
V2,110,V2@110M,layer_4,4,0.3997630774974823,0.40988683700561523,1.4991852045059204,2.741203546524048,0.35877248451665594,-0.028438528378804506,-0.13761464754740405,-0.13582368691762303,0.014185656919891432
V2,110,V2@110M,layer_5,5,0.3997630774974823,0.4663572311401367,1.7451533079147339,2.9997427463531494,0.3825336308391006,0.028031865755716978,0.10835345586140943,0.12271551291147853,0.03794680324233607
V2,110,V2@110M,layer_6,6,0.3997630774974823,0.45229652523994446,1.9050906896591187,3.1754539012908936,0.4123689297724653,0.013971159855524717,0.2682908376057942,0.29842666784922267,0.0677821021757008
V2,120,V2@120M,layer_1,1,0.40137091279029846,0.44400885701179504,1.4520994424819946,2.61981463432312,0.2743359780697911,-0.004756604631741823,-0.18034122387568163,-0.23338278134663915,-0.06574252882489451
V2,120,V2@120M,layer_2,2,0.40137091279029846,0.44708749651908875,1.60577392578125,2.862159252166748,0.28442500324712855,-0.001677965124448122,-0.026666740576426262,0.008961836496988784,-0.05565350364755706
V2,120,V2@120M,layer_3,3,0.40137091279029846,0.4401848614215851,1.597465991973877,2.783796548843384,0.3322484562242473,-0.008580600221951784,-0.03497467438379931,-0.06940086682637547,-0.007830050670438293
V2,120,V2@120M,layer_4,4,0.40137091279029846,0.4203486144542694,1.5012884140014648,2.7202115058898926,0.34854137897491455,-0.028416847189267458,-0.13115225235621142,-0.13298590977986668,0.008462872080228945
V2,120,V2@120M,layer_5,5,0.40137091279029846,0.4783761501312256,1.7468153238296509,2.99334716796875,0.3880597460601065,0.02961068848768872,0.11437465747197462,0.14014975229899074,0.04798123916542091
V2,120,V2@120M,layer_6,6,0.40137091279029846,0.46258679032325745,1.8912009000778198,3.13985538482666,0.41286047879192567,0.01382132867972058,0.25876023372014356,0.2866579691569009,0.07278197189724006
V2,25,V2@25M,layer_1,1,0.4273175597190857,0.24456816911697388,1.5428930521011353,3.020437002182007,0.19657395924958918,0.003586719433466584,-0.09282908837000536,-0.08656624952952052,-0.03602351895590988
V2,25,V2@25M,layer_2,2,0.4273175597190857,0.23926183581352234,1.4731892347335815,2.929027795791626,0.22584785341664596,-0.001719613869984954,-0.16253290573755907,-0.17797545591990138,-0.006749624788853104
V2,25,V2@25M,layer_3,3,0.4273175597190857,0.2278868556022644,1.4762779474258423,2.9222493171691895,0.2422107216660623,-0.013094594081242888,-0.15944419304529833,-0.1847539345423379,0.009613243460563248
V2,25,V2@25M,layer_4,4,0.4273175597190857,0.23156410455703735,1.4949136972427368,3.050887107849121,0.24109932725076322,-0.00941734512646994,-0.1408084432284038,-0.056116143862406265,0.00850184904526416
V2,25,V2@25M,layer_5,5,0.4273175597190857,0.26243168115615845,1.91728937625885,3.5604641437530518,0.252116652895455,0.021450231472651154,0.2815672357877095,0.4534608920415244,0.019519174689955926
V2,25,V2@25M,layer_6,6,0.4273175597190857,0.24017605185508728,1.9097695350646973,3.15895414352417,0.23773635475447885,-0.0008053978284200125,0.27404739459355665,0.05195089181264256,0.005138876548979793
V2,50,V2@50M,layer_1,1,0.42919042706489563,0.3318038582801819,1.5713411569595337,2.9231324195861816,0.32841153208304336,0.005040784676869692,-0.09546045462290453,-0.1348652044932046,0.004876419671891674
V2,50,V2@50M,layer_2,2,0.42919042706489563,0.33064332604408264,1.5750977993011475,2.9412314891815186,0.29536321262518567,0.0038802524407704486,-0.09170381228129076,-0.11676613489786769,-0.028171899785966015
V2,50,V2@50M,layer_3,3,0.42919042706489563,0.3128877282142639,1.5802475214004517,2.9843411445617676,0.31429357971582145,-0.013875345389048277,-0.08655409018198656,-0.07365647951761867,-0.009241532695330235
V2,50,V2@50M,layer_4,4,0.42919042706489563,0.30721965432167053,1.5217081308364868,2.9867467880249023,0.3180353884343748,-0.01954341928164166,-0.1450934807459514,-0.0712508360544839,-0.0054997239767768935
V2,50,V2@50M,layer_5,5,0.42919042706489563,0.3502153754234314,1.8170607089996338,3.2972707748413086,0.34428891953494817,0.023452301820119204,0.15025909741719556,0.23927315076192235,0.020753807123796486
V2,50,V2@50M,layer_6,6,0.42919042706489563,0.3278084993362427,1.9353543519973755,3.2152631282806396,0.3408180420735368,0.0010454257329304828,0.26855274041493726,0.1572655042012534,0.017282929662385094
V2,75,V2@75M,layer_1,1,0.40759989619255066,0.3867378234863281,1.509625792503357,2.762413263320923,0.3187416985079094,0.000857621431350708,-0.13127674659093214,-0.20109613736470555,-0.02825310528508307
V2,75,V2@75M,layer_2,2,0.40759989619255066,0.38996079564094543,1.571603536605835,2.8951385021209717,0.31252892812093097,0.004080593585968018,-0.06929900248845411,-0.06837089856465672,-0.0344658756720615
V2,75,V2@75M,layer_3,3,0.40759989619255066,0.3728870749473572,1.5842067003250122,2.9203848838806152,0.3393657121255442,-0.01299312710762024,-0.05669583876927686,-0.04312451680501317,-0.00762909166744824
V2,75,V2@75M,layer_4,4,0.40759989619255066,0.3614443838596344,1.5088571310043335,2.8887906074523926,0.3539262732697857,-0.024435818195343018,-0.13204540808995557,-0.07471879323323583,0.0069314694767932394
V2,75,V2@75M,layer_5,5,0.40759989619255066,0.411817729473114,1.76169753074646,3.11686110496521,0.3650127679661468,0.025937527418136597,0.12079499165217089,0.15335170427958156,0.01801796417315432
V2,75,V2@75M,layer_6,6,0.40759989619255066,0.39243340492248535,1.9094245433807373,3.1974680423736572,0.3923934427676377,0.006553202867507935,0.26852200428644823,0.23395864168802882,0.045398638974645245
V3,100,V3@100M,layer_1,1,0.23751993477344513,0.42070868611335754,1.4443532228469849,2.714195728302002,0.3968594230849434,0.010604267319043459,-0.1373077630996704,-0.188833793004354,-0.024187937620337385
V3,100,V3@100M,layer_2,2,0.23751993477344513,0.3886004686355591,1.4397332668304443,2.7645483016967773,0.38459838195531465,-0.021503950158755003,-0.14192771911621094,-0.1384812196095786,-0.03644897874996611
V3,100,V3@100M,layer_3,3,0.23751993477344513,0.4066390097141266,1.577639102935791,2.977943181991577,0.41056442233147444,-0.003465409080187498,-0.004021883010864258,0.0749136606852212,-0.010482938373806316
V3,100,V3@100M,layer_4,4,0.23751993477344513,0.38709646463394165,1.4308115243911743,2.8077077865600586,0.4295258243326787,-0.023007954160372435,-0.15084946155548096,-0.09532173474629735,0.008478463627397959
V3,100,V3@100M,layer_5,5,0.23751993477344513,0.4309834837913513,1.6341438293457031,3.0729825496673584,0.4663052074611187,0.020879064997037233,0.05248284339904785,0.16995302836100246,0.04525784675583794
V3,100,V3@100M,layer_6,6,0.23751993477344513,0.4265983998775482,1.963284969329834,3.0807995796203613,0.4384309050661546,0.016493981083234133,0.3816239833831787,0.17777005831400539,0.01738354436087386
V3,110,V3@110M,layer_1,1,0.23399381339550018,0.4306652843952179,1.468397855758667,2.722445487976074,0.4055393714871672,0.008520354827245058,-0.12492100397745776,-0.1767646074295044,-0.02640611673762766
V3,110,V3@110M,layer_2,2,0.23399381339550018,0.4013832211494446,1.4762011766433716,2.7787935733795166,0.4039105760554473,-0.020761708418528257,-0.11711768309275317,-0.12041652202606201,-0.02803491216934756
V3,110,V3@110M,layer_3,3,0.23399381339550018,0.4194682240486145,1.5814028978347778,2.9710500240325928,0.42761076807423876,-0.0026767055193583356,-0.011915961901346916,0.07183992862701416,-0.004334720150556082
V3,110,V3@110M,layer_4,4,0.23399381339550018,0.39600804448127747,1.4254956245422363,2.7716081142425537,0.45376601497884156,-0.02613688508669537,-0.16782323519388842,-0.1276019811630249,0.02182052675404672
V3,110,V3@110M,layer_5,5,0.23399381339550018,0.44493958353996277,1.6427081823349,3.0574114322662354,0.4778413318649486,0.02279465397198993,0.049389322598775154,0.15820133686065674,0.045895843640153755
V3,110,V3@110M,layer_6,6,0.23399381339550018,0.4404052197933197,1.9657074213027954,3.093951940536499,0.4230048668881257,0.018260290225346865,0.37238856156667066,0.1947418451309204,-0.008940621336669119
V3,120,V3@120M,layer_1,1,0.23045367002487183,0.43890810012817383,1.468328833580017,2.7042319774627686,0.4236337792266298,0.0075501998265584125,-0.12878294785817457,-0.18718882401784276,-0.030205370938796383
V3,120,V3@120M,layer_2,2,0.23045367002487183,0.4107242822647095,1.500293493270874,2.81536865234375,0.4193730715110346,-0.020633618036905943,-0.09681828816731763,-0.07605214913686131,-0.03446607865439161
V3,120,V3@120M,layer_3,3,0.23045367002487183,0.4278446435928345,1.5767145156860352,2.9498846530914307,0.44982364649573964,-0.003513256708780943,-0.0203972657521565,0.05846385161081935,-0.00401550366968656
V3,120,V3@120M,layer_4,4,0.23045367002487183,0.4058409035205841,1.428346872329712,2.76350474357605,0.4799185698782957,-0.02551699678103131,-0.16876490910847974,-0.1279160579045615,0.026079419712869478
V3,120,V3@120M,layer_5,5,0.23045367002487183,0.45313864946365356,1.6294797658920288,3.022418737411499,0.4885320177784673,0.02178074916203815,0.03236798445383715,0.1309979359308877,0.03469286761304108
V3,120,V3@120M,layer_6,6,0.23045367002487183,0.45169082283973694,1.9795072078704834,3.093116044998169,0.46175381610238997,0.020332922538121523,0.38239542643229174,0.20169524351755763,0.007914665936963772
V3,25,V3@25M,layer_1,1,0.268486887216568,0.24620938301086426,1.5434808731079102,3.010111093521118,0.23001825116160843,0.008528729279836028,-0.012428899606068855,-0.017385244369506836,-0.021562430415486528
V3,25,V3@25M,layer_2,2,0.268486887216568,0.23420315980911255,1.3976960182189941,2.8568685054779053,0.24956207556857005,-0.003477493921915681,-0.15821375449498487,-0.17062783241271973,-0.002018606008524909
V3,25,V3@25M,layer_3,3,0.268486887216568,0.23616927862167358,1.5383775234222412,3.0483438968658447,0.253254904239266,-0.0015113751093546457,-0.0175322492917378,0.020847558975219727,0.0016742226621710432
V3,25,V3@25M,layer_4,4,0.268486887216568,0.22464673221111298,1.4056460857391357,2.991635799407959,0.25200405420252575,-0.013033921519915254,-0.15026368697484327,-0.035860538482666016,0.0004233726254307957
V3,25,V3@25M,layer_5,5,0.268486887216568,0.25047025084495544,1.682098388671875,3.2972044944763184,0.2706162202413436,0.012789597113927215,0.126188615957896,0.26970815658569336,0.01903553866424862
V3,25,V3@25M,layer_6,6,0.268486887216568,0.23438511788845062,1.7681597471237183,2.9608142375946045,0.25402858404925577,-0.003295535842577607,0.21224997440973925,-0.06668210029602051,0.0024479024721608122
V3,50,V3@50M,layer_1,1,0.25695908069610596,0.33379995822906494,1.5314877033233643,2.916123151779175,0.34556647217660036,0.015003308653831482,-0.06799344221750903,-0.09462324778238917,0.0005608158370042915
V3,50,V3@50M,layer_2,2,0.25695908069610596,0.3082919716835022,1.4498367309570312,2.8132081031799316,0.3569020890389327,-0.010504677891731262,-0.14964441458384203,-0.19753829638163234,0.011896432699336656
V3,50,V3@50M,layer_3,3,0.25695908069610596,0.31686750054359436,1.5958147048950195,3.076441764831543,0.3611004037989511,-0.0019291490316390991,-0.0036664406458537524,0.06569536526997899,0.01609474745935502
V3,50,V3@50M,layer_4,4,0.25695908069610596,0.2983848452568054,1.4433091878890991,2.965693712234497,0.33691756751526286,-0.02041180431842804,-0.15617195765177416,-0.04505268732706691,-0.008088088824333206
V3,50,V3@50M,layer_5,5,0.25695908069610596,0.33573535084724426,1.704011082649231,3.2402589321136475,0.35695186547107166,0.016938701272010803,0.10452993710835767,0.22951253255208348,0.011946209131475594
V3,50,V3@50M,layer_6,6,0.25695908069610596,0.3197002708911896,1.8724274635314941,3.052752733230591,0.31259554003675777,0.0009036213159561157,0.27294631799062086,0.04200633366902684,-0.0324101163028383
V3,75,V3@75M,layer_1,1,0.24678653478622437,0.3875455856323242,1.4565640687942505,2.744143486022949,0.4081233597739979,0.014803354938824953,-0.12829242149988818,-0.18894056479136134,0.0074511739758797435
V3,75,V3@75M,layer_2,2,0.24678653478622437,0.35092833638191223,1.4085688591003418,2.738312005996704,0.38320243496585776,-0.021813894311587034,-0.17628763119379687,-0.19477204481760646,-0.017469750832260378
V3,75,V3@75M,layer_3,3,0.24678653478622437,0.3705868422985077,1.5795714855194092,3.0136466026306152,0.4004237911215535,-0.0021553883949915753,-0.005285004774729485,0.08056255181630467,-0.0002483946765646228
V3,75,V3@75M,layer_4,4,0.24678653478622437,0.35186630487442017,1.445114254951477,2.8710432052612305,0.40593717605979357,-0.0208759258190791,-0.1397422353426616,-0.06204084555308009,0.0052649902616754285
V3,75,V3@75M,layer_5,5,0.24678653478622437,0.3927065134048462,1.6576759815216064,3.1407766342163086,0.4271701095556771,0.019964282711346926,0.07281949122746778,0.20769258340199803,0.02649792375755894
V3,75,V3@75M,layer_6,6,0.24678653478622437,0.382819801568985,1.9616442918777466,3.0905823707580566,0.37917624331182903,0.01007757087548572,0.3767878015836079,0.15749831994374608,-0.02149594248628911
