variant,tokens_m,A_effect_final,A_axis_final,B_condition_1_final,B_under_C_final,B_under_D_final,negate_minus_zero_B,shuffle_minus_zero_B,B_cluster_margin_final,C_relation_margin_final,A_effect_peak_layer,A_effect_final_over_peak,learned_B_ref_delta,learned_C_ref_delta
V1,100,0.0,0.0,1.0,1.0,0.9814814814814815,0.0,0.0,0.05958954931961169,0.11644856929779046,1,,,
V1,110,0.0,0.0,1.0,1.0,1.0,0.0,0.0,0.06289680873354275,0.110103925731447,1,,,
V1,120,0.0,0.0,1.0,1.0,1.0,0.0,0.0,0.0489165020485719,0.12301719254917565,1,,,
V1,25,0.0,0.0,1.0,1.0,0.9074074074074074,0.0,0.0,0.055379919707775116,0.10737516350216325,1,,,
V1,50,0.0,0.0,1.0,1.0,0.9814814814814815,0.0,0.0,0.0652374517586497,0.10688121517499283,1,,,
V1,75,0.0,0.0,1.0,1.0,1.0,0.0,0.0,0.05918190330266948,0.12123769919077554,1,,,
V5,100,0.48185178471936113,0.9179459335627379,1.0,1.0,0.9814814814814815,0.0,0.0,0.055801625467009064,0.13799016409450116,5,0.7431958486927972,0.0008948436627785328,-0.01744394898414614
V5,110,0.5094153595467409,0.8978517066549371,1.0,1.0,0.9814814814814815,0.0,0.0,0.05859529922405882,0.1406171944406298,5,0.7035397085108573,0.0009366517265637642,-0.011562992466820687
V5,120,0.576235557043994,0.9229913100048348,1.0,1.0,0.9814814814814815,0.0,0.0,0.05215726130538523,0.12997863557603628,5,0.745496180337984,0.0025808160503705824,-0.015832042694091775
V5,25,0.12953676683483298,0.9263971050580343,1.0,1.0,0.8888888888888888,0.0,0.0,0.05232628352112245,0.10339467591709561,2,0.715133655135425,0.00026438248654203633,-0.006129520138104694
V5,50,0.26857953228884274,0.9208329353067609,1.0,1.0,0.9814814814814815,0.0,0.0,0.06683212046821907,0.10203493105040651,5,0.8249306997563275,0.0005612087746461047,-0.012001403172810898
V5,75,0.369633623847255,0.9023900992340511,1.0,1.0,1.0,-0.16666666666666663,0.0,0.06319542651375132,0.13805733124415076,5,0.7192969567341625,0.0007415088928408031,-0.007988532715373475
V4,100,0.5016669341259532,0.9437443945142957,1.0,1.0,0.9444444444444444,-0.33333333333333337,0.0,0.07385245511929195,0.09334856602880681,6,0.8610726389990097,0.004163399711251292,0.014900662832789902
V4,110,0.5000790117515458,0.9336568227520696,1.0,1.0,1.0,-0.5,0.0,0.07183439706762629,0.12080702119403419,6,0.8482256233348765,0.003544511273503359,0.014898327324125493
V4,120,0.4785924484884297,0.9295888708697424,1.0,1.0,1.0,-0.16666666666666663,0.0,0.05436597971452606,0.143583478530248,5,0.8045062510656851,0.002712829286853402,0.009622090392642613
V4,25,0.18377319544001866,0.9454313947094811,1.0,1.0,0.9259259259259259,0.0,0.0,0.06773690051502657,0.09625113606452951,5,0.8141225809529764,0.006651502475142401,0.00018262167771659898
V4,50,0.33675299736636655,0.9354825648996564,1.0,1.0,0.9814814814814815,0.0,0.0,0.06677965091334448,0.1300762938128578,5,0.8484603211807129,0.005089535233047171,0.009237901700867523
V4,75,0.4270279119136157,0.9326557693658052,1.0,1.0,1.0,-0.33333333333333337,0.0,0.062122853265868305,0.14198222226566748,5,0.8287046273963403,0.003339453828003658,0.014698825611008548
V6,100,0.38060932344308607,0.9599063407491756,1.0,1.0,0.9814814814814815,0.0,0.0,0.06810174327757623,0.07517764502101476,5,0.8073107500645751,0.0028339316447575924,0.004270774788326659
V6,110,0.39314774065106,0.9631392194165125,1.0,1.0,0.9814814814814815,0.0,0.0,0.07301465488142445,0.10890620417065089,5,0.8281232516168534,0.003969870921638252,0.00912203027142422
V6,120,0.40326056022334983,0.9630606925046002,1.0,1.0,0.9814814814814815,0.0,0.0,0.06073213401767941,0.12134613924556314,5,0.8574891146074622,0.003647606737083975,0.0020977795124054177
V6,25,0.19093814023115016,0.9614273309707642,1.0,1.0,0.9259259259259259,0.0,0.0,0.05165332621998264,0.11664957337909265,5,0.8337254588479474,0.0032466519210073708,0.007760686675707451
V6,50,0.30319528019538633,0.9567651759695123,1.0,1.0,0.9814814814814815,0.0,0.0,0.06682070874505563,0.10558347238434684,5,0.8704527135282117,0.004108632355928343,0.011031048165427382
V6,75,0.3343892972226496,0.9547246407579494,1.0,1.0,1.0,0.0,0.0,0.06113876882526614,0.11721284124586318,5,0.7663899936587748,0.0025546421193414215,0.013814538717269786
V7,100,0.4439526983985194,0.9542023120103059,1.0,1.0,0.7592592592592593,0.0,0.0,0.06251927730109952,0.11117500066757202,5,0.8073457315905934,0.0029370740056037237,-0.0031934863991207596
V7,110,0.4345445781946182,0.9573393298519983,1.0,1.0,1.0,0.0,0.0,0.06756863353980913,0.1313440475198957,5,0.8425262542152213,0.003991770785715776,-0.0006541583273146356
V7,120,0.42974810523015483,0.9521579069119913,1.0,1.0,0.9444444444444444,0.0,0.0,0.05827012418044941,0.13289560741848416,3,0.8439602735517426,0.003526188433170263,-0.0015838252173529521
V7,25,0.24119344188107383,0.9543683716544399,1.0,1.0,0.9444444444444444,0.0,0.0,0.05408402962817083,0.11762263642417059,5,0.8075682761361741,-0.0001400311787922992,0.0015559775961770383
V7,50,0.34852475328026,0.9476837813854218,1.0,1.0,0.9814814814814815,0.0,0.0,0.06404012383686175,0.12540330555703905,5,0.7702688705432941,0.0007404193282127269,0.002650446030828757
V7,75,0.4470377569949185,0.9618777445069066,1.0,1.0,1.0,0.0,0.0,0.06306889636649016,0.1359682069884406,5,0.795070343038028,0.00024573235876029775,0.007887765434053229
V2,100,0.3891159267061286,0.9362408209730079,1.0,1.0,0.9629629629629629,-0.33333333333333337,0.0,0.06378243871861033,0.08480187124676175,6,0.9062829373760068,0.00040594219333595083,-0.009322930375734895
V2,110,0.37724411825614945,0.9177796399151837,1.0,1.0,0.9629629629629629,-0.16666666666666663,0.0,0.06972027379605505,0.09075448115666707,6,0.914821876770161,0.0008569930162694583,-0.004191860225465582
V2,120,0.38000336758516456,0.9302664399147034,1.0,1.0,1.0,-0.33333333333333337,0.0,0.05618568170401783,0.12014017502466834,6,0.9204159446239453,-0.0012321998261743405,-0.0003969745503531463
V2,25,0.2056981599717229,0.9101993927249202,1.0,1.0,0.8518518518518519,0.0,0.0,0.04905783302254152,0.11036316951115932,5,0.8158848596844556,0.003260157878200165,0.00037981205516390837
V2,50,0.2998038395135491,0.9369302414081715,1.0,1.0,1.0,-0.16666666666666663,0.0,0.06264476800958318,0.10374445186720949,5,0.8707914269169983,0.0017112254268593086,-0.009222585956255691
V2,75,0.35476175385216874,0.9394783499064269,1.0,1.0,0.9444444444444444,-0.33333333333333337,0.0,0.06679403094781766,0.12246989475356207,6,0.9040970495071367,-0.00018444272379092297,-7.617837852902376e-05
V3,100,0.4118947799283046,0.953436584384353,1.0,1.0,1.0,0.0,0.0,0.062280650768015144,0.10676954521073245,5,0.8833158483709386,0.00018907930288053487,-0.0037511881854799256
V3,110,0.40569189259851424,0.9525739672007384,1.0,1.0,0.8518518518518519,-0.33333333333333337,0.0,0.05893151619368131,0.12024504409895997,5,0.8490096304879172,-0.0002913285046814984,-0.0071717782153022935
V3,120,0.43956414444579023,0.9539639442055313,1.0,1.0,0.8703703703703703,-0.16666666666666663,0.0,0.05292300846841602,0.11648076375325511,5,0.8997652732049134,-0.0007284189263979113,-0.004926110969649344
V3,25,0.22159196526088096,0.9265307099730881,1.0,1.0,0.9444444444444444,0.0,0.0,0.054595982200569604,0.10249461068047416,5,0.8188421413293655,-0.0013019700845082194,0.00024220744768771452
V3,50,0.28618469316926265,0.9455020195908017,1.0,1.0,0.8518518518518519,0.0,0.0,0.05991961989137862,0.10872373316023087,3,0.7925349574757079,-0.0007008747922049863,-0.0022099839316474523
V3,75,0.3596300972556626,0.9458271110499347,1.0,1.0,0.9814814814814815,0.0,0.0,0.05773354296882949,0.1059033102459378,5,0.8418896575646022,-0.002609212737944344,0.002588754561212381
