subset,token_a,token_b,spearman_distance_geometry
intervention,25,50,0.1464285714285714
intervention,25,75,0.30357142857142855
intervention,25,100,0.30357142857142855
intervention,25,110,0.5642857142857142
intervention,25,120,0.5821428571428571
intervention,50,75,0.22499999999999998
intervention,50,100,-0.13928571428571426
intervention,50,110,-0.2928571428571428
intervention,50,120,0.1857142857142857
intervention,75,100,0.5714285714285713
intervention,75,110,0.4428571428571427
intervention,75,120,0.6785714285714285
intervention,100,110,0.8607142857142854
intervention,100,120,0.47142857142857136
intervention,110,120,0.5178571428571428
reference,25,50,0.5642857142857142
reference,25,75,0.4428571428571427
reference,25,100,0.3178571428571428
reference,25,110,0.33928571428571425
reference,25,120,0.2071428571428571
reference,50,75,0.8642857142857141
reference,50,100,0.7892857142857141
reference,50,110,0.8392857142857142
reference,50,120,0.42499999999999993
reference,75,100,0.807142857142857
reference,75,110,0.8714285714285712
reference,75,120,0.48214285714285704
reference,100,110,0.8464285714285712
reference,100,120,0.5535714285714285
reference,110,120,0.6
depth_geometry_accessibility,25,50,-0.4928571428571427
depth_geometry_accessibility,25,75,-0.10357142857142855
depth_geometry_accessibility,25,100,0.36785714285714277
depth_geometry_accessibility,25,110,0.1857142857142857
depth_geometry_accessibility,25,120,-0.1928571428571428
depth_geometry_accessibility,50,75,0.024999999999999998
depth_geometry_accessibility,50,100,-0.4464285714285714
depth_geometry_accessibility,50,110,0.13928571428571426
depth_geometry_accessibility,50,120,0.5249999999999999
depth_geometry_accessibility,75,100,-0.3071428571428571
depth_geometry_accessibility,75,110,0.39999999999999997
depth_geometry_accessibility,75,120,0.2321428571428571
depth_geometry_accessibility,100,110,0.3321428571428571
depth_geometry_accessibility,100,120,-0.06071428571428571
depth_geometry_accessibility,110,120,0.3607142857142856
