variant,tokens_m,A_vector_norm,mean_internal_A_effect,final_A_effect,A_vector_norm_c,mean_internal_A_effect_c,final_A_effect_c
V5,100,0.4099612534046173,0.4996086634971477,0.48185178471936113,-0.018639509876569094,0.09122159822418552,0.09264301400585673
V5,110,0.4074765741825104,0.5271690006563325,0.5094153595467409,-0.021124189098676027,0.11878193538337034,0.12020658883323648
V5,120,0.4171561002731323,0.545467493250782,0.576235557043994,-0.011444663008054079,0.13708042797781983,0.18702678633048958
V5,25,0.46323686838150024,0.1618046653284519,0.12953676683483298,0.03463610510031384,-0.2465823999445103,-0.2596720038786714
V5,50,0.4391373097896576,0.29772692999262135,0.26857953228884274,0.01053654650847119,-0.11066013528034085,-0.12062923842466167
V5,75,0.4346364736557007,0.41854563891243785,0.369633623847255,0.00603571037451428,0.010158573639475643,-0.019575146866249393
V4,100,0.743522584438324,0.493848515249053,0.5016669341259532,0.017437318960825565,0.0885968160625824,0.09701818427829828
V4,110,0.7425358891487122,0.5066036994764467,0.5000790117515458,0.01645062367121375,0.1013520002899761,0.09543026190389087
V4,120,0.7419756650924683,0.5240580058070246,0.4785924484884297,0.015890399614969852,0.11880630662055397,0.07394369864077477
V4,25,0.6554676294326782,0.16416195310353313,0.18377319544001866,-0.07061763604482019,-0.24108974608293746,-0.22087555440763626
V4,50,0.7282785773277283,0.3152112506192039,0.33675299736636655,0.002193311850229862,-0.09004044856726667,-0.06789575248128837
V4,75,0.7447312474250793,0.42762677086356243,0.4270279119136157,0.018645981947580936,0.02237507167709185,0.0223791620659608
V6,100,0.722096860408783,0.38255351434611246,0.38060932344308607,0.024094035228093502,0.04886305889061082,0.046352599781972426
V6,110,0.7208833694458008,0.38176767339493023,0.39314774065106,0.022880544265111324,0.048077217939428596,0.058891016989946365
V6,120,0.7230658531188965,0.3761202231003546,0.40326056022334983,0.025063027938207028,0.042429767644852956,0.06900383656223619
V6,25,0.6244184970855713,0.18222921760177904,0.19093814023115016,-0.07358432809511817,-0.1514612378537226,-0.14331858342996348
V6,50,0.6829925179481506,0.31272554588446644,0.30319528019538633,-0.015010307232538822,-0.020964909571035195,-0.031061443465727312
V6,75,0.7145598530769348,0.366746558405367,0.3343892972226496,0.016557027896245358,0.033056102949865385,0.00013257356153595357
V7,100,0.2973114252090454,0.5035155420134098,0.4439526983985194,0.0019874771436055316,0.06531364407673973,0.05311914273526197
V7,110,0.29625195264816284,0.4797788751024155,0.4345445781946182,0.0009280045827229633,0.04157697716574549,0.04371102253136078
V7,120,0.29509809613227844,0.47191489694846994,0.42974810523015483,-0.00022585193316143615,0.033712999011799916,0.03891454956689738
V7,25,0.2893711030483246,0.26170086526070474,0.24119344188107383,-0.005952845017115294,-0.17650103267596529,-0.14964011378218361
V7,50,0.29574447870254517,0.4171969500358826,0.34852475328026,0.0004205306371052875,-0.02100494790078744,-0.042308802382997446
V7,75,0.2981666326522827,0.49510425825913756,0.4470377569949185,0.0028426845868428363,0.05690236032246754,0.05620420133166104
V2,100,0.3968673050403595,0.34246186318772814,0.3891159267061286,-0.013484224677085876,0.020752764506257904,0.054678065725314695
V2,110,0.3997630774974823,0.3445868275967645,0.37724411825614945,-0.010588452219963074,0.02287772891529427,0.042806257275335546
V2,120,0.40137091279029846,0.3400785068946856,0.38000336758516456,-0.008980616927146912,0.018369408213215366,0.04556550660435066
V2,25,0.4273175597190857,0.23259747820549906,0.2056981599717229,0.01696603000164032,-0.08911162047597118,-0.12873970100909102
V2,50,0.42919042706489563,0.3235351124111517,0.2998038395135491,0.018838897347450256,0.0018260137296814416,-0.0346340214672648
V2,75,0.40759989619255066,0.34699480379299247,0.35476175385216874,-0.0027516335248947144,0.025285705111522228,0.02032389287135483
V3,100,0.23751993477344513,0.42104736070528076,0.4118947799283046,-0.008180052042007446,0.037032273570228924,0.05780185115190206
V3,110,0.23399381339550018,0.43194548822479484,0.40569189259851424,-0.011706173419952393,0.047930401089743,0.05159896382211171
V3,120,0.23045367002487183,0.4538391501654262,0.43956414444579023,-0.01524631679058075,0.06982406303037436,0.0854712156693877
V3,25,0.268486887216568,0.25158068157709496,0.22159196526088096,0.022786900401115417,-0.13243440555795688,-0.13250096351552157
V3,50,0.25695908069610596,0.34500565633959607,0.28618469316926265,0.011259093880653381,-0.03900943079545577,-0.06790823560713988
V3,75,0.24678653478622437,0.40067218579811814,0.3596300972556626,0.0010865479707717896,0.016657098663066305,0.005537168479260057
